{
  "name": "Allister_0",
  "ai": {
    "type": "rct",
    "data": {
      "maxSelectMargin": 0.15
    }
  },
  "battleFormat": "Single",
  "battleRules": {
    "maxItemUses": 0
  },
  "team": [
    {
      "species": "yamask",
      "gender": "FEMALE",
      "level": 15,
      "aspects": "",
      "nature": "docile",
      "ability": "mummy",
      "moveset": [
        "nightshade",
        "protect",
        "astonish",
        "disable"
      ],
      "ivs": {
        "hp": 5,
        "atk": 5,
        "def": 5,
        "spa": 5,
        "spd": 5,
        "spe": 5
      },
      "evs": {
        "hp": 50,
        "atk": 50,
        "spa": 50,
        "def": 50,
        "spd": 50,
        "spe": 50
      },
      "heldItem": [
        "berry_juice"
      ]
    },
    {
      "species": "gastly",
      "gender": "MALE",
      "level": 15,
      "aspects": "",
      "nature": "docile",
      "ability": "levitate",
      "moveset": [
        "payback",
        "confuseray",
        "lick",
        "hypnosis"
      ],
      "ivs": {
        "hp": 5,
        "atk": 5,
        "def": 5,
        "spa": 5,
        "spd": 5,
        "spe": 5
      },
      "evs": {
        "hp": 50,
        "atk": 50,
        "spa": 50,
        "def": 50,
        "spd": 50,
        "spe": 50
      },
      "heldItem": [
        "berry_juice"
      ]
    },
    {
      "species": "drifloon",
      "gender": "FEMALE",
      "level": 15,
      "aspects": "",
      "nature": "docile",
      "ability": "unburden",
      "moveset": [
        "gust",
        "astonish",
        "minimize",
        "payback"
      ],
      "ivs": {
        "hp": 5,
        "atk": 5,
        "def": 5,
        "spa": 5,
        "spd": 5,
        "spe": 5
      },
      "evs": {
        "hp": 50,
        "atk": 50,
        "spa": 50,
        "def": 50,
        "spd": 50,
        "spe": 50
      },
      "heldItem": [
        "berry_juice"
      ]
    },
    {
      "species": "honedge",
      "gender": "MALE",
      "level": 15,
      "aspects": "",
      "nature": "docile",
      "ability": "noguard",
      "moveset": [
        "aerialace",
        "autotomize",
        "shadowsneak",
        "furycutter"
      ],
      "ivs": {
        "hp": 5,
        "atk": 5,
        "def": 5,
        "spa": 5,
        "spd": 5,
        "spe": 5
      },
      "evs": {
        "hp": 50,
        "atk": 50,
        "spa": 50,
        "def": 50,
        "spd": 50,
        "spe": 50
      },
      "heldItem": [
        "berry_juice"
      ]
    },
    {
      "species": "frillish",
      "gender": "MALE",
      "level": 15,
      "aspects": "",
      "nature": "docile",
      "ability": "cursedbody",
      "moveset": [
        "waterpulse",
        "nightshade",
        "poisonsting",
        "absorb"
      ],
      "ivs": {
        "hp": 5,
        "atk": 5,
        "def": 5,
        "spa": 5,
        "spd": 5,
        "spe": 5
      },
      "evs": {
        "hp": 50,
        "atk": 50,
        "spa": 50,
        "def": 50,
        "spd": 50,
        "spe": 50
      },
      "heldItem": [
        "berry_juice"
      ]
    },
    {
      "species": "dreepy",
      "gender": "FEMALE",
      "level": 15,
      "aspects": "",
      "nature": "docile",
      "ability": "clearbody",
      "moveset": [
        "bite",
        "quickattack",
        "astonish",
        "infestation"
      ],
      "ivs": {
        "hp": 5,
        "atk": 5,
        "def": 5,
        "spa": 5,
        "spd": 5,
        "spe": 5
      },
      "evs": {
        "hp": 50,
        "atk": 50,
        "spa": 50,
        "def": 50,
        "spd": 50,
        "spe": 50
      },
      "heldItem": [
        "berry_juice"
      ]
    }
  ]
}