{
  "name": "Allister_1",
  "ai": {
    "type": "rct",
    "data": {
      "maxSelectMargin": 0.15
    }
  },
  "battleFormat": "Double",
  "battleRules": {
    "maxItemUses": 0
  },
  "team": [
    {
      "species": "corsola [galarian]",
      "gender": "MALE",
      "level": 22,
      "aspects": "",
      "nature": "docile",
      "ability": "weakarmor",
      "moveset": [
        "ancientpower",
        "disable",
        "astonish",
        "harden"
      ],
      "ivs": {
        "hp": 5,
        "atk": 5,
        "def": 5,
        "spa": 5,
        "spd": 5,
        "spe": 5
      },
      "evs": {
        "hp": 55,
        "atk": 55,
        "spa": 55,
        "def": 55,
        "spd": 55,
        "spe": 55
      },
      "heldItem": [
        "berry_juice"
      ]
    },
    {
      "species": "misdreavus",
      "gender": "FEMALE",
      "level": 22,
      "aspects": "",
      "nature": "docile",
      "ability": "levitate",
      "moveset": [
        "meanlook",
        "confuseray",
        "confustion",
        "growl"
      ],
      "ivs": {
        "hp": 5,
        "atk": 5,
        "def": 5,
        "spa": 5,
        "spd": 5,
        "spe": 5
      },
      "evs": {
        "hp": 55,
        "atk": 55,
        "spa": 55,
        "def": 55,
        "spd": 55,
        "spe": 55
      },
      "heldItem": [
        "berry_juice"
      ]
    },
    {
      "species": "sinistea",
      "gender": "GENDERLESS",
      "level": 22,
      "aspects": "",
      "nature": "docile",
      "ability": "cursedbody",
      "moveset": [
        "megadrain",
        "aromaticmist",
        "astonish",
        "withdraw"
      ],
      "ivs": {
        "hp": 5,
        "atk": 5,
        "def": 5,
        "spa": 5,
        "spd": 5,
        "spe": 5
      },
      "evs": {
        "hp": 55,
        "atk": 55,
        "spa": 55,
        "def": 55,
        "spd": 55,
        "spe": 55
      },
      "heldItem": [
        "berry_juice"
      ]
    },
    {
      "species": "litwick",
      "gender": "MALE",
      "level": 22,
      "aspects": "",
      "nature": "docile",
      "ability": "flamebody",
      "moveset": [
        "willowisp",
        "confuseray",
        "hex",
        "smog"
      ],
      "ivs": {
        "hp": 5,
        "atk": 5,
        "def": 5,
        "spa": 5,
        "spd": 5,
        "spe": 5
      },
      "evs": {
        "hp": 55,
        "atk": 55,
        "spa": 55,
        "def": 55,
        "spd": 55,
        "spe": 55
      },
      "heldItem": [
        "berry_juice"
      ]
    },
    {
      "species": "sandygast",
      "gender": "MALE",
      "level": 22,
      "aspects": "",
      "nature": "docile",
      "ability": "watercompaction",
      "moveset": [
        "sandattack",
        "megadrain",
        "sandtomb",
        "astonish"
      ],
      "ivs": {
        "hp": 5,
        "atk": 5,
        "def": 5,
        "spa": 5,
        "spd": 5,
        "spe": 5
      },
      "evs": {
        "hp": 55,
        "atk": 55,
        "spa": 55,
        "def": 55,
        "spd": 55,
        "spe": 55
      },
      "heldItem": [
        "berry_juice"
      ]
    },
    {
      "species": "phantump",
      "gender": "FEMALE",
      "level": 22,
      "aspects": "",
      "nature": "docile",
      "ability": "naturalcure",
      "moveset": [
        "hex",
        "leechseed",
        "brancepoke",
        "willowisp"
      ],
      "ivs": {
        "hp": 5,
        "atk": 5,
        "def": 5,
        "spa": 5,
        "spd": 5,
        "spe": 5
      },
      "evs": {
        "hp": 55,
        "atk": 55,
        "spa": 55,
        "def": 55,
        "spd": 55,
        "spe": 55
      },
      "heldItem": [
        "berry_juice"
      ]
    }
  ]
}