{
  "name": "Allister_4",
  "ai": {
    "type": "rct",
    "data": {
      "maxSelectMargin": 0.15
    }
  },
  "battleFormat": "Double",
  "battleRules": {
    "maxItemUses": 0
  },
  "team": [
    {
      "species": "ceruledge",
      "gender": "MALE",
      "level": 43,
      "aspects": "",
      "nature": "docile",
      "ability": "weakarmor",
      "moveset": [
        "allyswitch",
        "flamecharge",
        "shadowclaw",
        "firespin"
      ],
      "ivs": {
        "hp": 20,
        "atk": 20,
        "def": 20,
        "spa": 20,
        "spd": 20,
        "spe": 20
      },
      "evs": {
        "hp": 70,
        "atk": 70,
        "spa": 70,
        "def": 70,
        "spd": 70,
        "spe": 70
      },
      "heldItem": [
        "sitrus_berry"
      ]
    },
    {
      "species": "dusclops",
      "gender": "FEMALE",
      "level": 43,
      "aspects": "",
      "nature": "docile",
      "ability": "pressure",
      "moveset": [
        "firepunch",
        "icepunch",
        "thunderpunch",
        "shadowpunch"
      ],
      "ivs": {
        "hp": 20,
        "atk": 20,
        "def": 20,
        "spa": 20,
        "spd": 20,
        "spe": 20
      },
      "evs": {
        "hp": 70,
        "atk": 70,
        "spa": 70,
        "def": 70,
        "spd": 70,
        "spe": 70
      },
      "heldItem": [
        "sitrus_berry"
      ]
    },
    {
      "species": "sinistcha",
      "gender": "GENDERLESS",
      "level": 43,
      "aspects": "",
      "nature": "docile",
      "ability": "hospitality",
      "moveset": [
        "matchagotcha",
        "lifedew",
        "ragepowder",
        "strengthsap"
      ],
      "ivs": {
        "hp": 20,
        "atk": 20,
        "def": 20,
        "spa": 20,
        "spd": 20,
        "spe": 20
      },
      "evs": {
        "hp": 70,
        "atk": 70,
        "spa": 70,
        "def": 70,
        "spd": 70,
        "spe": 70
      },
      "heldItem": [
        "sitrus_berry"
      ]
    },
    {
      "species": "zoroark [hisuian]",
      "gender": "MALE",
      "level": 43,
      "aspects": "",
      "nature": "docile",
      "ability": "illusion",
      "moveset": [
        "shadowball",
        "uturn",
        "taunt",
        "knockoff"
      ],
      "ivs": {
        "hp": 20,
        "atk": 20,
        "def": 20,
        "spa": 20,
        "spd": 20,
        "spe": 20
      },
      "evs": {
        "hp": 70,
        "atk": 70,
        "spa": 70,
        "def": 70,
        "spd": 70,
        "spe": 70
      },
      "heldItem": [
        "sitrus_berry"
      ]
    },
    {
      "species": "chandelure",
      "gender": "MALE",
      "level": 43,
      "aspects": "",
      "nature": "docile",
      "ability": "flamebody",
      "moveset": [
        "overheat",
        "firespin",
        "memento",
        "shadowball"
      ],
      "ivs": {
        "hp": 20,
        "atk": 20,
        "def": 20,
        "spa": 20,
        "spd": 20,
        "spe": 20
      },
      "evs": {
        "hp": 70,
        "atk": 70,
        "spa": 70,
        "def": 70,
        "spd": 70,
        "spe": 70
      },
      "heldItem": [
        "sitrus_berry"
      ]
    },
    {
      "species": "palossand",
      "gender": "FEMALE",
      "level": 43,
      "aspects": "",
      "nature": "docile",
      "ability": "watercompaction",
      "moveset": [
        "gigadrain",
        "hypnosis",
        "bulldoze",
        "irondefense"
      ],
      "ivs": {
        "hp": 20,
        "atk": 20,
        "def": 20,
        "spa": 20,
        "spd": 20,
        "spe": 20
      },
      "evs": {
        "hp": 70,
        "atk": 70,
        "spa": 70,
        "def": 70,
        "spd": 70,
        "spe": 70
      },
      "heldItem": [
        "sitrus_berry"
      ]
    }
  ]
}