{
  "name": "Allister_2",
  "ai": {
    "type": "rct",
    "data": {
      "maxSelectMargin": 0.15
    }
  },
  "battleFormat": "Double",
  "battleRules": {
    "maxItemUses": 0
  },
  "team": [
    {
      "species": "golett",
      "gender": "GENDERLESS",
      "level": 29,
      "aspects": "",
      "nature": "docile",
      "ability": "ironfist",
      "moveset": [
        "stompingtantrum",
        "shadowpunch",
        "pound",
        "curse"
      ],
      "ivs": {
        "hp": 15,
        "atk": 15,
        "def": 15,
        "spa": 15,
        "spd": 15,
        "spe": 15
      },
      "evs": {
        "hp": 60,
        "atk": 60,
        "spa": 60,
        "def": 60,
        "spd": 60,
        "spe": 60
      },
      "heldItem": [
        "sitrus_berry"
      ]
    },
    {
      "species": "haunter",
      "gender": "FEMALE",
      "level": 29,
      "aspects": "",
      "nature": "docile",
      "ability": "levitate",
      "moveset": [
        "curse",
        "meanlook",
        "shadowpunch",
        "hypnosis"
      ],
      "ivs": {
        "hp": 15,
        "atk": 15,
        "def": 15,
        "spa": 15,
        "spd": 15,
        "spe": 15
      },
      "evs": {
        "hp": 60,
        "atk": 60,
        "spa": 60,
        "def": 60,
        "spd": 60,
        "spe": 60
      },
      "heldItem": [
        "sitrus_berry"
      ]
    },
    {
      "species": "mimikyu",
      "gender": "FEMALE",
      "level": 29,
      "aspects": "",
      "nature": "docile",
      "ability": "disguise",
      "moveset": [
        "shadowsneak",
        "doubleteam",
        "mimic",
        "woodhammer"
      ],
      "ivs": {
        "hp": 15,
        "atk": 15,
        "def": 15,
        "spa": 15,
        "spd": 15,
        "spe": 15
      },
      "evs": {
        "hp": 60,
        "atk": 60,
        "spa": 60,
        "def": 60,
        "spd": 60,
        "spe": 60
      },
      "heldItem": [
        "sitrus_berry"
      ]
    },
    {
      "species": "poltchageist",
      "gender": "GENDERLESS",
      "level": 29,
      "aspects": "",
      "nature": "docile",
      "ability": "hospitality",
      "moveset": [
        "megadrain",
        "lifedew",
        "stunspore",
        "foulplay"
      ],
      "ivs": {
        "hp": 15,
        "atk": 15,
        "def": 15,
        "spa": 15,
        "spd": 15,
        "spe": 15
      },
      "evs": {
        "hp": 60,
        "atk": 60,
        "spa": 60,
        "def": 60,
        "spd": 60,
        "spe": 60
      },
      "heldItem": [
        "sitrus_berry"
      ]
    },
    {
      "species": "duskull",
      "gender": "MALE",
      "level": 29,
      "aspects": "",
      "nature": "docile",
      "ability": "levitate",
      "moveset": [
        "meanlook",
        "shadowsneak",
        "willowisp",
        "confuseray"
      ],
      "ivs": {
        "hp": 15,
        "atk": 15,
        "def": 15,
        "spa": 15,
        "spd": 15,
        "spe": 15
      },
      "evs": {
        "hp": 60,
        "atk": 60,
        "spa": 60,
        "def": 60,
        "spd": 60,
        "spe": 60
      },
      "heldItem": [
        "sitrus_berry"
      ]
    },
    {
      "species": "trevenant",
      "gender": "FEMALE",
      "level": 29,
      "aspects": "",
      "nature": "docile",
      "ability": "harvest",
      "moveset": [
        "hornleech",
        "shadowclaw",
        "confuseray",
        "willowisp"
      ],
      "ivs": {
        "hp": 15,
        "atk": 15,
        "def": 15,
        "spa": 15,
        "spd": 15,
        "spe": 15
      },
      "evs": {
        "hp": 60,
        "atk": 60,
        "spa": 60,
        "def": 60,
        "spd": 60,
        "spe": 60
      },
      "heldItem": [
        "sitrus_berry"
      ]
    }
  ]
}