{
  "name": "Allister_6",
  "ai": {
    "type": "rct",
    "data": {
      "maxSelectMargin": 0.15
    }
  },
  "battleFormat": "Single",
  "battleRules": {
    "maxItemUses": 0
  },
  "team": [
    {
      "species": "dusknoir",
      "gender": "MALE",
      "level": 57,
      "aspects": "",
      "nature": "docile",
      "ability": "pressure",
      "moveset": [
        "firepunch",
        "icepunch",
        "thunderpunch",
        "shadowpunch"
      ],
      "ivs": {
        "hp": 31,
        "atk": 31,
        "def": 31,
        "spa": 31,
        "spd": 31,
        "spe": 31
      },
      "evs": {
        "hp": 80,
        "atk": 80,
        "spa": 80,
        "def": 80,
        "spd": 80,
        "spe": 80
      },
      "heldItem": [
        "punching_glove"
      ]
    },
    {
      "species": "cursola",
      "gender": "FEMALE",
      "level": 57,
      "aspects": "",
      "nature": "docile",
      "ability": "perishbody",
      "moveset": [
        "mirrorcoat",
        "powergem",
        "strengthsap",
        "hex"
      ],
      "ivs": {
        "hp": 31,
        "atk": 31,
        "def": 31,
        "spa": 31,
        "spd": 31,
        "spe": 31
      },
      "evs": {
        "hp": 80,
        "atk": 80,
        "spa": 80,
        "def": 80,
        "spd": 80,
        "spe": 80
      },
      "heldItem": [
        "bright_powder"
      ]
    },
    {
      "species": "annihilape",
      "gender": "FEMALE",
      "level": 57,
      "aspects": "",
      "nature": "docile",
      "ability": "defiant",
      "moveset": [
        "outrage",
        "finalgambit",
        "stompingtantrum",
        "closecombat"
      ],
      "ivs": {
        "hp": 31,
        "atk": 31,
        "def": 31,
        "spa": 31,
        "spd": 31,
        "spe": 31
      },
      "evs": {
        "hp": 80,
        "atk": 80,
        "spa": 80,
        "def": 80,
        "spd": 80,
        "spe": 80
      },
      "heldItem": [
        "quick_claw"
      ]
    },
    {
      "species": "skeledirge",
      "gender": "MALE",
      "level": 57,
      "aspects": "",
      "nature": "docile",
      "ability": "unaware",
      "moveset": [
        "torchsong",
        "round",
        "snarl",
        "hex"
      ],
      "ivs": {
        "hp": 31,
        "atk": 31,
        "def": 31,
        "spa": 31,
        "spd": 31,
        "spe": 31
      },
      "evs": {
        "hp": 80,
        "atk": 80,
        "spa": 80,
        "def": 80,
        "spd": 80,
        "spe": 80
      },
      "heldItem": [
        "throat_spray"
      ]
    },
    {
      "species": "golurk",
      "gender": "GENDERLESS",
      "level": 57,
      "aspects": "",
      "nature": "docile",
      "ability": "noguard",
      "moveset": [
        "highhorsepower",
        "megapunch",
        "hammerarm",
        "phantomforce"
      ],
      "ivs": {
        "hp": 31,
        "atk": 31,
        "def": 31,
        "spa": 31,
        "spd": 31,
        "spe": 31
      },
      "evs": {
        "hp": 80,
        "atk": 80,
        "spa": 80,
        "def": 80,
        "spd": 80,
        "spe": 80
      },
      "heldItem": [
        "choice_band"
      ]
    },
    {
      "species": "jellicent",
      "gender": "FEMALE",
      "level": 57,
      "aspects": [
        "female"
      ],
      "nature": "docile",
      "ability": "cursedbody",
      "moveset": [
        "waterspout",
        "shadowball",
        "recover",
        "acidarmor"
      ],
      "ivs": {
        "hp": 31,
        "atk": 31,
        "def": 31,
        "spa": 31,
        "spd": 31,
        "spe": 31
      },
      "evs": {
        "hp": 80,
        "atk": 80,
        "spa": 80,
        "def": 80,
        "spd": 80,
        "spe": 80
      },
      "heldItem": [
        "sitrus_berry"
      ]
    }
  ]
}