{
  "name": "Blaine_3",
  "ai": {
    "type": "rct",
    "data": {
      "maxSelectMargin": 0.15
    }
  },
  "battleFormat": "Single",
  "battleRules": {
    "maxItemUses": 0
  },
  "team": [
    {
      "species": "slugma",
      "gender": "MALE",
      "level": 36,
      "aspects": "",
      "nature": "docile",
      "ability": "weakarmor",
      "moveset": [
        "lavaplume",
        "ancientpower",
        "yawn",
        "amnesia"
      ],
      "ivs": {
        "hp": 15,
        "atk": 15,
        "def": 15,
        "spa": 15,
        "spd": 15,
        "spe": 15
      },
      "evs": {
        "hp": 65,
        "atk": 65,
        "spa": 65,
        "def": 65,
        "spd": 65,
        "spe": 65
      },
      "heldItem": [
        "sitrus_berry"
      ]
    },
    {
      "species": "flareon",
      "gender": "FEMALE",
      "level": 36,
      "aspects": "",
      "nature": "docile",
      "ability": "flashfire",
      "moveset": [
        "firefang",
        "bite",
        "covet",
        "batonpass"
      ],
      "ivs": {
        "hp": 15,
        "atk": 15,
        "def": 15,
        "spa": 15,
        "spd": 15,
        "spe": 15
      },
      "evs": {
        "hp": 65,
        "atk": 65,
        "spa": 65,
        "def": 65,
        "spd": 65,
        "spe": 65
      },
      "heldItem": [
        "sitrus_berry"
      ]
    },
    {
      "species": "magmar",
      "gender": "FEMALE",
      "level": 36,
      "aspects": "",
      "nature": "docile",
      "ability": "flamebody",
      "moveset": [
        "lavaplume",
        "confuseray",
        "feintattack",
        "clearsmog"
      ],
      "ivs": {
        "hp": 15,
        "atk": 15,
        "def": 15,
        "spa": 15,
        "spd": 15,
        "spe": 15
      },
      "evs": {
        "hp": 65,
        "atk": 65,
        "spa": 65,
        "def": 65,
        "spd": 65,
        "spe": 65
      },
      "heldItem": [
        "sitrus_berry"
      ]
    },
    {
      "species": "emboar",
      "gender": "MALE",
      "level": 36,
      "aspects": "",
      "nature": "docile",
      "ability": "reckless",
      "moveset": [
        "heatcrash",
        "takedown",
        "rollout",
        "flamecharge"
      ],
      "ivs": {
        "hp": 15,
        "atk": 15,
        "def": 15,
        "spa": 15,
        "spd": 15,
        "spe": 15
      },
      "evs": {
        "hp": 65,
        "atk": 65,
        "spa": 65,
        "def": 65,
        "spd": 65,
        "spe": 65
      },
      "heldItem": [
        "sitrus_berry"
      ]
    },
    {
      "species": "ninetales",
      "gender": "MALE",
      "level": 36,
      "aspects": "",
      "nature": "docile",
      "ability": "drought",
      "moveset": [
        "quickattack",
        "flamethrower",
        "willowisp",
        "extrasensory"
      ],
      "ivs": {
        "hp": 15,
        "atk": 15,
        "def": 15,
        "spa": 15,
        "spd": 15,
        "spe": 15
      },
      "evs": {
        "hp": 65,
        "atk": 65,
        "spa": 65,
        "def": 65,
        "spd": 65,
        "spe": 65
      },
      "heldItem": [
        "sitrus_berry"
      ]
    },
    {
      "species": "cinderace",
      "gender": "FEMALE",
      "level": 36,
      "aspects": "",
      "nature": "docile",
      "ability": "libero",
      "moveset": [
        "pyroball",
        "quickattack",
        "doublekick",
        "agility"
      ],
      "ivs": {
        "hp": 15,
        "atk": 15,
        "def": 15,
        "spa": 15,
        "spd": 15,
        "spe": 15
      },
      "evs": {
        "hp": 65,
        "atk": 65,
        "spa": 65,
        "def": 65,
        "spd": 65,
        "spe": 65
      },
      "heldItem": [
        "sitrus_berry"
      ]
    }
  ]
}