{
  "name": "Blaine_6",
  "ai": {
    "type": "rct",
    "data": {
      "maxSelectMargin": 0.15
    }
  },
  "battleFormat": "Double",
  "battleRules": {
    "maxItemUses": 0
  },
  "team": [
    {
      "species": "charizard",
      "gender": "MALE",
      "level": 57,
      "aspects": "",
      "nature": "docile",
      "ability": "solarpower",
      "moveset": [
        "flamethrower",
        "dragonbreath",
        "heatwave",
        "smokescreen"
      ],
      "ivs": {
        "hp": 31,
        "atk": 31,
        "def": 31,
        "spa": 31,
        "spd": 31,
        "spe": 31
      },
      "evs": {
        "hp": 80,
        "atk": 80,
        "spa": 80,
        "def": 80,
        "spd": 80,
        "spe": 80
      },
      "heldItem": [
        "charcoal"
      ]
    },
    {
      "species": "infernape",
      "gender": "FEMALE",
      "level": 57,
      "aspects": "",
      "nature": "docile",
      "ability": "ironfist",
      "moveset": [
        "machpunch",
        "flareblitz",
        "closecombat",
        "acrobatics"
      ],
      "ivs": {
        "hp": 31,
        "atk": 31,
        "def": 31,
        "spa": 31,
        "spd": 31,
        "spe": 31
      },
      "evs": {
        "hp": 80,
        "atk": 80,
        "spa": 80,
        "def": 80,
        "spd": 80,
        "spe": 80
      },
      "heldItem": [
        "flying_gem"
      ]
    },
    {
      "species": "scovillain",
      "gender": "FEMALE",
      "level": 57,
      "aspects": "",
      "nature": "docile",
      "ability": "moody",
      "moveset": [
        "sunnyday",
        "overheat",
        "crunch",
        "solarbeam"
      ],
      "ivs": {
        "hp": 31,
        "atk": 31,
        "def": 31,
        "spa": 31,
        "spd": 31,
        "spe": 31
      },
      "evs": {
        "hp": 80,
        "atk": 80,
        "spa": 80,
        "def": 80,
        "spd": 80,
        "spe": 80
      },
      "heldItem": [
        "heat_rock"
      ]
    },
    {
      "species": "delphox",
      "gender": "MALE",
      "level": 57,
      "aspects": "",
      "nature": "docile",
      "ability": "blaze",
      "moveset": [
        "mysticalfire",
        "roleplay",
        "shadowball",
        "psyshock"
      ],
      "ivs": {
        "hp": 31,
        "atk": 31,
        "def": 31,
        "spa": 31,
        "spd": 31,
        "spe": 31
      },
      "evs": {
        "hp": 80,
        "atk": 80,
        "spa": 80,
        "def": 80,
        "spd": 80,
        "spe": 80
      },
      "heldItem": [
        "life_orb"
      ]
    },
    {
      "species": "talonflame",
      "gender": "MALE",
      "level": 57,
      "aspects": "",
      "nature": "docile",
      "ability": "galewings",
      "moveset": [
        "steelwing",
        "flareblitz",
        "tailwind",
        "acrobatics"
      ],
      "ivs": {
        "hp": 31,
        "atk": 31,
        "def": 31,
        "spa": 31,
        "spd": 31,
        "spe": 31
      },
      "evs": {
        "hp": 80,
        "atk": 80,
        "spa": 80,
        "def": 80,
        "spd": 80,
        "spe": 80
      },
      "heldItem": [
        "muscle_band"
      ]
    },
    {
      "species": "centiskorch",
      "gender": "FEMALE",
      "level": 57,
      "aspects": "",
      "nature": "docile",
      "ability": "whitesmoke",
      "moveset": [
        "firelash",
        "crunch",
        "coil",
        "bugbite"
      ],
      "ivs": {
        "hp": 31,
        "atk": 31,
        "def": 31,
        "spa": 31,
        "spd": 31,
        "spe": 31
      },
      "evs": {
        "hp": 80,
        "atk": 80,
        "spa": 80,
        "def": 80,
        "spd": 80,
        "spe": 80
      },
      "heldItem": [
        "leftovers"
      ]
    }
  ]
}