{
  "name": "Brock_6",
  "ai": {
    "type": "rct",
    "data": {
      "maxSelectMargin": 0.15
    }
  },
  "battleFormat": "Single",
  "battleRules": {
    "maxItemUses": 0
  },
  "team": [
    {
      "species": "aurorus",
      "gender": "MALE",
      "level": 57,
      "aspects": "",
      "nature": "docile",
      "ability": "refrigerate",
      "moveset": [
        "lightscreen",
        "ancientpower",
        "thunderwave",
        "round"
      ],
      "ivs": {
        "hp": 31,
        "atk": 31,
        "def": 31,
        "spa": 31,
        "spd": 31,
        "spe": 31
      },
      "evs": {
        "hp": 80,
        "atk": 80,
        "spa": 80,
        "def": 80,
        "spd": 80,
        "spe": 80
      },
      "heldItem": [
        "leftovers"
      ]
    },
    {
      "species": "golem [alolan]",
      "gender": "FEMALE",
      "level": 57,
      "aspects": "",
      "nature": "docile",
      "ability": "galvanize",
      "moveset": [
        "stoneedge",
        "explosion",
        "stealthrock",
        "doubleedge"
      ],
      "ivs": {
        "hp": 31,
        "atk": 31,
        "def": 31,
        "spa": 31,
        "spd": 31,
        "spe": 31
      },
      "evs": {
        "hp": 80,
        "atk": 80,
        "spa": 80,
        "def": 80,
        "spd": 80,
        "spe": 80
      },
      "heldItem": [
        "stone_plate"
      ]
    },
    {
      "species": "glimmora",
      "gender": "FEMALE",
      "level": 57,
      "aspects": "",
      "nature": "docile",
      "ability": "toxicdebris",
      "moveset": [
        "sludgewave",
        "spikyshield",
        "powergem",
        "sandstorm"
      ],
      "ivs": {
        "hp": 31,
        "atk": 31,
        "def": 31,
        "spa": 31,
        "spd": 31,
        "spe": 31
      },
      "evs": {
        "hp": 80,
        "atk": 80,
        "spa": 80,
        "def": 80,
        "spd": 80,
        "spe": 80
      },
      "heldItem": [
        "eject_button"
      ]
    },
    {
      "species": "carracosta",
      "gender": "MALE",
      "level": 57,
      "aspects": "",
      "nature": "docile",
      "ability": "solidrock",
      "moveset": [
        "shellsmash",
        "aquatail",
        "aquajet",
        "rockslide"
      ],
      "ivs": {
        "hp": 31,
        "atk": 31,
        "def": 31,
        "spa": 31,
        "spd": 31,
        "spe": 31
      },
      "evs": {
        "hp": 80,
        "atk": 80,
        "spa": 80,
        "def": 80,
        "spd": 80,
        "spe": 80
      },
      "heldItem": [
        "weakness_policy"
      ]
    },
    {
      "species": "cradily",
      "gender": "MALE",
      "level": 57,
      "aspects": "",
      "nature": "docile",
      "ability": "stormdrain",
      "moveset": [
        "gigadrain",
        "leechseed",
        "ingrain",
        "confuseray"
      ],
      "ivs": {
        "hp": 31,
        "atk": 31,
        "def": 31,
        "spa": 31,
        "spd": 31,
        "spe": 31
      },
      "evs": {
        "hp": 80,
        "atk": 80,
        "spa": 80,
        "def": 80,
        "spd": 80,
        "spe": 80
      },
      "heldItem": [
        "big_root"
      ]
    },
    {
      "species": "kleavor",
      "gender": "FEMALE",
      "level": 57,
      "aspects": "",
      "nature": "docile",
      "ability": "sharpness",
      "moveset": [
        "stoneaxe",
        "quickattack",
        "xscissor",
        "slash"
      ],
      "ivs": {
        "hp": 31,
        "atk": 31,
        "def": 31,
        "spa": 31,
        "spd": 31,
        "spe": 31
      },
      "evs": {
        "hp": 80,
        "atk": 80,
        "spa": 80,
        "def": 80,
        "spd": 80,
        "spe": 80
      },
      "heldItem": [
        "choice_scarf"
      ]
    }
  ]
}