{
  "name": "Brock_1",
  "ai": {
    "type": "rct",
    "data": {
      "maxSelectMargin": 0.15
    }
  },
  "battleFormat": "Single",
  "battleRules": {
    "maxItemUses": 0
  },
  "team": [
    {
      "species": "anorith",
      "gender": "MALE",
      "level": 22,
      "aspects": "",
      "nature": "docile",
      "ability": "battlearmor",
      "moveset": [
        "bugbite",
        "ancientpower",
        "metalclaw",
        "watergun"
      ],
      "ivs": {
        "hp": 5,
        "atk": 5,
        "def": 5,
        "spa": 5,
        "spd": 5,
        "spe": 5
      },
      "evs": {
        "hp": 55,
        "atk": 55,
        "spa": 55,
        "def": 55,
        "spd": 55,
        "spe": 55
      },
      "heldItem": [
        "berry_juice"
      ]
    },
    {
      "species": "archen",
      "gender": "FEMALE",
      "level": 22,
      "aspects": "",
      "nature": "docile",
      "ability": "defeatist",
      "moveset": [
        "uturn",
        "quickattack",
        "dragonbreath",
        "pluck"
      ],
      "ivs": {
        "hp": 5,
        "atk": 5,
        "def": 5,
        "spa": 5,
        "spd": 5,
        "spe": 5
      },
      "evs": {
        "hp": 55,
        "atk": 55,
        "spa": 55,
        "def": 55,
        "spd": 55,
        "spe": 55
      },
      "heldItem": [
        "berry_juice"
      ]
    },
    {
      "species": "larvitar",
      "gender": "FEMALE",
      "level": 22,
      "aspects": "",
      "nature": "docile",
      "ability": "guts",
      "moveset": [
        "stompingtantrum",
        "screech",
        "payback",
        "rockslide"
      ],
      "ivs": {
        "hp": 5,
        "atk": 5,
        "def": 5,
        "spa": 5,
        "spd": 5,
        "spe": 5
      },
      "evs": {
        "hp": 55,
        "atk": 55,
        "spa": 55,
        "def": 55,
        "spd": 55,
        "spe": 55
      },
      "heldItem": [
        "berry_juice"
      ]
    },
    {
      "species": "glimmet",
      "gender": "MALE",
      "level": 22,
      "aspects": "",
      "nature": "docile",
      "ability": "toxicdebris",
      "moveset": [
        "venoshock",
        "stealthrock",
        "ancientpower",
        "acidspray"
      ],
      "ivs": {
        "hp": 5,
        "atk": 5,
        "def": 5,
        "spa": 5,
        "spd": 5,
        "spe": 5
      },
      "evs": {
        "hp": 55,
        "atk": 55,
        "spa": 55,
        "def": 55,
        "spd": 55,
        "spe": 55
      },
      "heldItem": [
        "berry_juice"
      ]
    },
    {
      "species": "rhyhorn",
      "gender": "MALE",
      "level": 22,
      "aspects": "",
      "nature": "docile",
      "ability": "lightningrod",
      "moveset": [
        "scaryface",
        "hornattack",
        "bulldoze",
        "smackdown"
      ],
      "ivs": {
        "hp": 5,
        "atk": 5,
        "def": 5,
        "spa": 5,
        "spd": 5,
        "spe": 5
      },
      "evs": {
        "hp": 55,
        "atk": 55,
        "spa": 55,
        "def": 55,
        "spd": 55,
        "spe": 55
      },
      "heldItem": [
        "berry_juice"
      ]
    },
    {
      "species": "geodude [alolan]",
      "gender": "FEMALE",
      "level": 22,
      "aspects": "",
      "nature": "docile",
      "ability": "sturdy",
      "moveset": [
        "thunderpunch",
        "rollout",
        "defensecurl",
        "charge"
      ],
      "ivs": {
        "hp": 5,
        "atk": 5,
        "def": 5,
        "spa": 5,
        "spd": 5,
        "spe": 5
      },
      "evs": {
        "hp": 55,
        "atk": 55,
        "spa": 55,
        "def": 55,
        "spd": 55,
        "spe": 55
      },
      "heldItem": [
        "berry_juice"
      ]
    }
  ]
}