{
  "name": "Bugsy_1",
  "ai": {
    "type": "rct",
    "data": {
      "maxSelectMargin": 0.15
    }
  },
  "battleFormat": "Single",
  "battleRules": {
    "maxItemUses": 0
  },
  "team": [
    {
      "species": "shelmet",
      "gender": "MALE",
      "level": 22,
      "aspects": "",
      "nature": "docile",
      "ability": "shellarmor",
      "moveset": [
        "yawn",
        "strugglebug",
        "megadrain",
        "curse"
      ],
      "ivs": {
        "hp": 5,
        "atk": 5,
        "def": 5,
        "spa": 5,
        "spd": 5,
        "spe": 5
      },
      "evs": {
        "hp": 55,
        "atk": 55,
        "spa": 55,
        "def": 55,
        "spd": 55,
        "spe": 55
      },
      "heldItem": [
        "berry_juice"
      ]
    },
    {
      "species": "karrablast",
      "gender": "FEMALE",
      "level": 22,
      "aspects": "",
      "nature": "docile",
      "ability": "shedskin",
      "moveset": [
        "headbutt",
        "acidspray",
        "furycutter",
        "leer"
      ],
      "ivs": {
        "hp": 5,
        "atk": 5,
        "def": 5,
        "spa": 5,
        "spd": 5,
        "spe": 5
      },
      "evs": {
        "hp": 55,
        "atk": 55,
        "spa": 55,
        "def": 55,
        "spd": 55,
        "spe": 55
      },
      "heldItem": [
        "berry_juice"
      ]
    },
    {
      "species": "durant",
      "gender": "FEMALE",
      "level": 22,
      "aspects": "",
      "nature": "docile",
      "ability": "hustle",
      "moveset": [
        "bite",
        "bugbite",
        "metalclaw",
        "sandattack"
      ],
      "ivs": {
        "hp": 5,
        "atk": 5,
        "def": 5,
        "spa": 5,
        "spd": 5,
        "spe": 5
      },
      "evs": {
        "hp": 55,
        "atk": 55,
        "spa": 55,
        "def": 55,
        "spd": 55,
        "spe": 55
      },
      "heldItem": [
        "berry_juice"
      ]
    },
    {
      "species": "scyther",
      "gender": "MALE",
      "level": 22,
      "aspects": "",
      "nature": "docile",
      "ability": "technician",
      "moveset": [
        "quickattack",
        "wingattack",
        "doublehit",
        "furycutter"
      ],
      "ivs": {
        "hp": 5,
        "atk": 5,
        "def": 5,
        "spa": 5,
        "spd": 5,
        "spe": 5
      },
      "evs": {
        "hp": 55,
        "atk": 55,
        "spa": 55,
        "def": 55,
        "spd": 55,
        "spe": 55
      },
      "heldItem": [
        "berry_juice"
      ]
    },
    {
      "species": "anorith",
      "gender": "MALE",
      "level": 22,
      "aspects": "",
      "nature": "docile",
      "ability": "battlearmor",
      "moveset": [
        "bugbite",
        "metalclaw",
        "ancientpower",
        "watergun"
      ],
      "ivs": {
        "hp": 5,
        "atk": 5,
        "def": 5,
        "spa": 5,
        "spd": 5,
        "spe": 5
      },
      "evs": {
        "hp": 55,
        "atk": 55,
        "spa": 55,
        "def": 55,
        "spd": 55,
        "spe": 55
      },
      "heldItem": [
        "berry_juice"
      ]
    },
    {
      "species": "paras",
      "gender": "FEMALE",
      "level": 22,
      "aspects": "",
      "nature": "docile",
      "ability": "effectspore",
      "moveset": [
        "spore",
        "poisonpowder",
        "furycutter",
        "absorb"
      ],
      "ivs": {
        "hp": 5,
        "atk": 5,
        "def": 5,
        "spa": 5,
        "spd": 5,
        "spe": 5
      },
      "evs": {
        "hp": 55,
        "atk": 55,
        "spa": 55,
        "def": 55,
        "spd": 55,
        "spe": 55
      },
      "heldItem": [
        "berry_juice"
      ]
    }
  ]
}