{
  "name": "Byron_4",
  "ai": {
    "type": "rct",
    "data": {
      "maxSelectMargin": 0.15
    }
  },
  "battleFormat": "Double",
  "battleRules": {
    "maxItemUses": 0
  },
  "team": [
    {
      "species": "klang",
      "gender": "GENDERLESS",
      "level": 43,
      "aspects": "",
      "nature": "docile",
      "ability": "clearbody",
      "moveset": [
        "discharge",
        "metalsound",
        "charge",
        "geargrind"
      ],
      "ivs": {
        "hp": 20,
        "atk": 20,
        "def": 20,
        "spa": 20,
        "spd": 20,
        "spe": 20
      },
      "evs": {
        "hp": 70,
        "atk": 70,
        "spa": 70,
        "def": 70,
        "spd": 70,
        "spe": 70
      },
      "heldItem": [
        "sitrus_berry"
      ]
    },
    {
      "species": "magneton",
      "gender": "GENDERLESS",
      "level": 43,
      "aspects": "",
      "nature": "docile",
      "ability": "analytic",
      "moveset": [
        "triattack",
        "discharge",
        "electricterrain",
        "flashcannon"
      ],
      "ivs": {
        "hp": 20,
        "atk": 20,
        "def": 20,
        "spa": 20,
        "spd": 20,
        "spe": 20
      },
      "evs": {
        "hp": 70,
        "atk": 70,
        "spa": 70,
        "def": 70,
        "spd": 70,
        "spe": 70
      },
      "heldItem": [
        "sitrus_berry"
      ]
    },
    {
      "species": "sligoo [hisuian]",
      "gender": "FEMALE",
      "level": 43,
      "aspects": "",
      "nature": "docile",
      "ability": "gooey",
      "moveset": [
        "dragonpulse",
        "curse",
        "protect",
        "waterpulse"
      ],
      "ivs": {
        "hp": 20,
        "atk": 20,
        "def": 20,
        "spa": 20,
        "spd": 20,
        "spe": 20
      },
      "evs": {
        "hp": 70,
        "atk": 70,
        "spa": 70,
        "def": 70,
        "spd": 70,
        "spe": 70
      },
      "heldItem": [
        "sitrus_berry"
      ]
    },
    {
      "species": "klefki",
      "gender": "MALE",
      "level": 43,
      "aspects": "",
      "nature": "docile",
      "ability": "prankster",
      "moveset": [
        "playrough",
        "flashcannon",
        "recycle",
        "metalsound"
      ],
      "ivs": {
        "hp": 20,
        "atk": 20,
        "def": 20,
        "spa": 20,
        "spd": 20,
        "spe": 20
      },
      "evs": {
        "hp": 70,
        "atk": 70,
        "spa": 70,
        "def": 70,
        "spd": 70,
        "spe": 70
      },
      "heldItem": [
        "sitrus_berry"
      ]
    },
    {
      "species": "doublade",
      "gender": "MALE",
      "level": 43,
      "aspects": "",
      "nature": "docile",
      "ability": "noguard",
      "moveset": [
        "ironhead",
        "shadowsneak",
        "retaliate",
        "aerialace"
      ],
      "ivs": {
        "hp": 20,
        "atk": 20,
        "def": 20,
        "spa": 20,
        "spd": 20,
        "spe": 20
      },
      "evs": {
        "hp": 70,
        "atk": 70,
        "spa": 70,
        "def": 70,
        "spd": 70,
        "spe": 70
      },
      "heldItem": [
        "sitrus_berry"
      ]
    },
    {
      "species": "metang",
      "gender": "GENDERLESS",
      "level": 43,
      "aspects": "",
      "nature": "docile",
      "ability": "clearbody",
      "moveset": [
        "metalclaw",
        "bulletpunch",
        "zenheadbutt",
        "psychic"
      ],
      "ivs": {
        "hp": 20,
        "atk": 20,
        "def": 20,
        "spa": 20,
        "spd": 20,
        "spe": 20
      },
      "evs": {
        "hp": 70,
        "atk": 70,
        "spa": 70,
        "def": 70,
        "spd": 70,
        "spe": 70
      },
      "heldItem": [
        "sitrus_berry"
      ]
    }
  ]
}