{
  "name": "Clay_7",
  "ai": {
    "type": "rct",
    "data": {
      "maxSelectMargin": 0.15
    }
  },
  "battleFormat": "Double",
  "battleRules": {
    "maxItemUses": 0
  },
  "team": [
    {
      "species": "garchomp",
      "gender": "MALE",
      "level": 64,
      "aspects": "",
      "nature": "docile",
      "ability": "sandveil",
      "moveset": [
        "dig",
        "dragonclaw",
        "crunch",
        "bulldoze"
      ],
      "ivs": {
        "hp": 31,
        "atk": 31,
        "def": 31,
        "spa": 31,
        "spd": 31,
        "spe": 31
      },
      "evs": {
        "hp": 85,
        "atk": 85,
        "spa": 85,
        "def": 85,
        "spd": 85,
        "spe": 85
      },
      "heldItem": [
        "life_orb"
      ]
    },
    {
      "species": "hippowdon",
      "gender": "FEMALE",
      "level": 64,
      "aspects": "",
      "nature": "docile",
      "ability": "sandstream",
      "moveset": [
        "slackoff",
        "yawn",
        "icefang",
        "thunderfang"
      ],
      "ivs": {
        "hp": 31,
        "atk": 31,
        "def": 31,
        "spa": 31,
        "spd": 31,
        "spe": 31
      },
      "evs": {
        "hp": 85,
        "atk": 85,
        "spa": 85,
        "def": 85,
        "spd": 85,
        "spe": 85
      },
      "heldItem": [
        "quick_claw"
      ]
    },
    {
      "species": "ursaluna",
      "gender": "FEMALE",
      "level": 64,
      "aspects": "",
      "nature": "docile",
      "ability": "guts",
      "moveset": [
        "headlongrush",
        "payback",
        "playrough",
        "hammerarm"
      ],
      "ivs": {
        "hp": 31,
        "atk": 31,
        "def": 31,
        "spa": 31,
        "spd": 31,
        "spe": 31
      },
      "evs": {
        "hp": 85,
        "atk": 85,
        "spa": 85,
        "def": 85,
        "spd": 85,
        "spe": 85
      },
      "heldItem": [
        "flame_orb"
      ]
    },
    {
      "species": "golurk",
      "gender": "GENDERLESS",
      "level": 64,
      "aspects": "",
      "nature": "docile",
      "ability": "noguard",
      "moveset": [
        "dynamicpunch",
        "phantomforce",
        "megapunch",
        "highhorsepower"
      ],
      "ivs": {
        "hp": 31,
        "atk": 31,
        "def": 31,
        "spa": 31,
        "spd": 31,
        "spe": 31
      },
      "evs": {
        "hp": 85,
        "atk": 85,
        "spa": 85,
        "def": 85,
        "spd": 85,
        "spe": 85
      },
      "heldItem": [
        "muscle_band"
      ]
    },
    {
      "species": "excadrill",
      "gender": "MALE",
      "level": 64,
      "aspects": "",
      "nature": "docile",
      "ability": "sandrush",
      "moveset": [
        "drillrun",
        "rockslide",
        "crushclaw",
        "metalclaw"
      ],
      "ivs": {
        "hp": 31,
        "atk": 31,
        "def": 31,
        "spa": 31,
        "spd": 31,
        "spe": 31
      },
      "evs": {
        "hp": 85,
        "atk": 85,
        "spa": 85,
        "def": 85,
        "spd": 85,
        "spe": 85
      },
      "heldItem": [
        "choice_band"
      ]
    },
    {
      "species": "gliscor",
      "gender": "FEMALE",
      "level": 64,
      "aspects": "",
      "nature": "docile",
      "ability": "poisonheal",
      "moveset": [
        "swordsdance",
        "crabhammer",
        "xscissor",
        "nightslash"
      ],
      "ivs": {
        "hp": 31,
        "atk": 31,
        "def": 31,
        "spa": 31,
        "spd": 31,
        "spe": 31
      },
      "evs": {
        "hp": 85,
        "atk": 85,
        "spa": 85,
        "def": 85,
        "spd": 85,
        "spe": 85
      },
      "heldItem": [
        "toxic_orb"
      ]
    }
  ]
}