{
  "name": "Drayden_3",
  "ai": {
    "type": "rct",
    "data": {
      "maxSelectMargin": 0.15
    }
  },
  "battleFormat": "Double",
  "battleRules": {
    "maxItemUses": 0
  },
  "team": [
    {
      "species": "turtonator",
      "gender": "MALE",
      "level": 36,
      "aspects": "",
      "nature": "docile",
      "ability": "shellarmor",
      "moveset": [
        "flamethrower",
        "dragonpulse",
        "protect",
        "flail"
      ],
      "ivs": {
        "hp": 15,
        "atk": 15,
        "def": 15,
        "spa": 15,
        "spd": 15,
        "spe": 15
      },
      "evs": {
        "hp": 65,
        "atk": 65,
        "spa": 65,
        "def": 65,
        "spd": 65,
        "spe": 65
      },
      "heldItem": [
        "sitrus_berry"
      ]
    },
    {
      "species": "tatsugiri",
      "gender": "FEMALE",
      "level": 36,
      "aspects": "",
      "nature": "docile",
      "ability": "stormdrain",
      "moveset": [
        "memento",
        "taunt",
        "waterpulse",
        "helpinghand"
      ],
      "ivs": {
        "hp": 15,
        "atk": 15,
        "def": 15,
        "spa": 15,
        "spd": 15,
        "spe": 15
      },
      "evs": {
        "hp": 65,
        "atk": 65,
        "spa": 65,
        "def": 65,
        "spd": 65,
        "spe": 65
      },
      "heldItem": [
        "sitrus_berry"
      ]
    },
    {
      "species": "hakamo-o",
      "gender": "FEMALE",
      "level": 36,
      "aspects": "",
      "nature": "docile",
      "ability": "overcoat",
      "moveset": [
        "dragonclaw",
        "screech",
        "protect",
        "headbutt"
      ],
      "ivs": {
        "hp": 15,
        "atk": 15,
        "def": 15,
        "spa": 15,
        "spd": 15,
        "spe": 15
      },
      "evs": {
        "hp": 65,
        "atk": 65,
        "spa": 65,
        "def": 65,
        "spd": 65,
        "spe": 65
      },
      "heldItem": [
        "sitrus_berry"
      ]
    },
    {
      "species": "dragonair",
      "gender": "MALE",
      "level": 36,
      "aspects": "",
      "nature": "docile",
      "ability": "shedskin",
      "moveset": [
        "aquatail",
        "agility",
        "dragontail",
        "thunderwave"
      ],
      "ivs": {
        "hp": 15,
        "atk": 15,
        "def": 15,
        "spa": 15,
        "spd": 15,
        "spe": 15
      },
      "evs": {
        "hp": 65,
        "atk": 65,
        "spa": 65,
        "def": 65,
        "spd": 65,
        "spe": 65
      },
      "heldItem": [
        "sitrus_berry"
      ]
    },
    {
      "species": "cyclizar",
      "gender": "MALE",
      "level": 36,
      "aspects": "",
      "nature": "docile",
      "ability": "regenerator",
      "moveset": [
        "uturn",
        "shedtail",
        "dragonclaw",
        "rapidspin"
      ],
      "ivs": {
        "hp": 15,
        "atk": 15,
        "def": 15,
        "spa": 15,
        "spd": 15,
        "spe": 15
      },
      "evs": {
        "hp": 65,
        "atk": 65,
        "spa": 65,
        "def": 65,
        "spd": 65,
        "spe": 65
      },
      "heldItem": [
        "sitrus_berry"
      ]
    },
    {
      "species": "drampa",
      "gender": "FEMALE",
      "level": 36,
      "aspects": "",
      "nature": "docile",
      "ability": "cloudnine",
      "moveset": [
        "glare",
        "dragonbreath",
        "naturalgift",
        "lightscreen"
      ],
      "ivs": {
        "hp": 15,
        "atk": 15,
        "def": 15,
        "spa": 15,
        "spd": 15,
        "spe": 15
      },
      "evs": {
        "hp": 65,
        "atk": 65,
        "spa": 65,
        "def": 65,
        "spd": 65,
        "spe": 65
      },
      "heldItem": [
        "sitrus_berry"
      ]
    }
  ]
}