{
  "name": "Elesa_5",
  "ai": {
    "type": "rct",
    "data": {
      "maxSelectMargin": 0.15
    }
  },
  "battleFormat": "Single",
  "battleRules": {
    "maxItemUses": 0
  },
  "team": [
    {
      "species": "arctozolt",
      "gender": "GENDERLESS",
      "level": 50,
      "aspects": "",
      "nature": "docile",
      "ability": "static",
      "moveset": [
        "powdersnow",
        "freezedry",
        "avalance",
        "ancientpower"
      ],
      "ivs": {
        "hp": 31,
        "atk": 31,
        "def": 31,
        "spa": 31,
        "spd": 31,
        "spe": 31
      },
      "evs": {
        "hp": 75,
        "atk": 75,
        "spa": 75,
        "def": 75,
        "spd": 75,
        "spe": 75
      },
      "heldItem": [
        "expert_belt"
      ]
    },
    {
      "species": "lanturn",
      "gender": "MALE",
      "level": 50,
      "aspects": "",
      "nature": "docile",
      "ability": "waterabsorb",
      "moveset": [
        "aquaring",
        "takedown",
        "discharge",
        "bubblebeam"
      ],
      "ivs": {
        "hp": 31,
        "atk": 31,
        "def": 31,
        "spa": 31,
        "spd": 31,
        "spe": 31
      },
      "evs": {
        "hp": 75,
        "atk": 75,
        "spa": 75,
        "def": 75,
        "spd": 75,
        "spe": 75
      },
      "heldItem": [
        "leftovers"
      ]
    },
    {
      "species": "boltund",
      "gender": "FEMALE",
      "level": 50,
      "aspects": "",
      "nature": "docile",
      "ability": "strongjaw",
      "moveset": [
        "nuzzle",
        "roar",
        "wildcharge",
        "crunch"
      ],
      "ivs": {
        "hp": 31,
        "atk": 31,
        "def": 31,
        "spa": 31,
        "spd": 31,
        "spe": 31
      },
      "evs": {
        "hp": 75,
        "atk": 75,
        "spa": 75,
        "def": 75,
        "spd": 75,
        "spe": 75
      },
      "heldItem": [
        "electric_plate"
      ]
    },
    {
      "species": "emolga",
      "gender": "MALE",
      "level": 50,
      "aspects": "",
      "nature": "docile",
      "ability": "motordrive",
      "moveset": [
        "acrobatics",
        "nuzzle",
        "doubleteam",
        "voltswitch"
      ],
      "ivs": {
        "hp": 31,
        "atk": 31,
        "def": 31,
        "spa": 31,
        "spd": 31,
        "spe": 31
      },
      "evs": {
        "hp": 75,
        "atk": 75,
        "spa": 75,
        "def": 75,
        "spd": 75,
        "spe": 75
      },
      "heldItem": [
        "flying_gem"
      ]
    },
    {
      "species": "bellibolt",
      "gender": "MALE",
      "level": 50,
      "aspects": "",
      "nature": "docile",
      "ability": "electromorphosis",
      "moveset": [
        "slackoff",
        "zapcannon",
        "electricterrain",
        "suckerpunch"
      ],
      "ivs": {
        "hp": 31,
        "atk": 31,
        "def": 31,
        "spa": 31,
        "spd": 31,
        "spe": 31
      },
      "evs": {
        "hp": 75,
        "atk": 75,
        "spa": 75,
        "def": 75,
        "spd": 75,
        "spe": 75
      },
      "heldItem": [
        "electric_seed"
      ]
    },
    {
      "species": "electivire",
      "gender": "FEMALE",
      "level": 50,
      "aspects": "",
      "nature": "docile",
      "ability": "motordrive",
      "moveset": [
        "thunderpunch",
        "lowkick",
        "quickattack",
        "charge"
      ],
      "ivs": {
        "hp": 31,
        "atk": 31,
        "def": 31,
        "spa": 31,
        "spd": 31,
        "spe": 31
      },
      "evs": {
        "hp": 75,
        "atk": 75,
        "spa": 75,
        "def": 75,
        "spd": 75,
        "spe": 75
      },
      "heldItem": [
        "red_card"
      ]
    }
  ]
}