{
  "name": "Elesa_6",
  "ai": {
    "type": "rct",
    "data": {
      "maxSelectMargin": 0.15
    }
  },
  "battleFormat": "Double",
  "battleRules": {
    "maxItemUses": 0
  },
  "team": [
    {
      "species": "luxray",
      "gender": "MALE",
      "level": 57,
      "aspects": "",
      "nature": "docile",
      "ability": "guts",
      "moveset": [
        "crunch",
        "voltswitch",
        "electricterrain",
        "roar"
      ],
      "ivs": {
        "hp": 31,
        "atk": 31,
        "def": 31,
        "spa": 31,
        "spd": 31,
        "spe": 31
      },
      "evs": {
        "hp": 80,
        "atk": 80,
        "spa": 80,
        "def": 80,
        "spd": 80,
        "spe": 80
      },
      "heldItem": [
        "flame_orb"
      ]
    },
    {
      "species": "zebstrika",
      "gender": "FEMALE",
      "level": 57,
      "aspects": "",
      "nature": "docile",
      "ability": "motordrive",
      "moveset": [
        "wildcharge",
        "discharge",
        "flamecharge",
        "quickattack"
      ],
      "ivs": {
        "hp": 31,
        "atk": 31,
        "def": 31,
        "spa": 31,
        "spd": 31,
        "spe": 31
      },
      "evs": {
        "hp": 80,
        "atk": 80,
        "spa": 80,
        "def": 80,
        "spd": 80,
        "spe": 80
      },
      "heldItem": [
        "choice_scarf"
      ]
    },
    {
      "species": "eletrode",
      "gender": "GENDERLESS",
      "level": 57,
      "aspects": [
        "hisuian"
      ],
      "nature": "docile",
      "ability": "aftermath",
      "moveset": [
        "chloroblast",
        "rollout",
        "discharge",
        "explosion"
      ],
      "ivs": {
        "hp": 31,
        "atk": 31,
        "def": 31,
        "spa": 31,
        "spd": 31,
        "spe": 31
      },
      "evs": {
        "hp": 80,
        "atk": 80,
        "spa": 80,
        "def": 80,
        "spd": 80,
        "spe": 80
      },
      "heldItem": [
        "expert_belt"
      ]
    },
    {
      "species": "togedemaru",
      "gender": "MALE",
      "level": 57,
      "aspects": "",
      "nature": "docile",
      "ability": "ironbarbs",
      "moveset": [
        "nuzzle",
        "zingzap",
        "electricterrain",
        "fellstinger"
      ],
      "ivs": {
        "hp": 31,
        "atk": 31,
        "def": 31,
        "spa": 31,
        "spd": 31,
        "spe": 31
      },
      "evs": {
        "hp": 80,
        "atk": 80,
        "spa": 80,
        "def": 80,
        "spd": 80,
        "spe": 80
      },
      "heldItem": [
        "rocky_helmet"
      ]
    },
    {
      "species": "morpeko",
      "gender": "MALE",
      "level": 57,
      "aspects": "",
      "nature": "docile",
      "ability": "hungerswitch",
      "moveset": [
        "aurawheel",
        "crunch",
        "powertrip",
        "bulletseed"
      ],
      "ivs": {
        "hp": 31,
        "atk": 31,
        "def": 31,
        "spa": 31,
        "spd": 31,
        "spe": 31
      },
      "evs": {
        "hp": 80,
        "atk": 80,
        "spa": 80,
        "def": 80,
        "spd": 80,
        "spe": 80
      },
      "heldItem": [
        "muscle_band"
      ]
    },
    {
      "species": "raichu",
      "gender": "FEMALE",
      "level": 57,
      "aspects": [
        "alolan"
      ],
      "nature": "docile",
      "ability": "surgesurfer",
      "moveset": [
        "psychic",
        "nastyplot",
        "discharge",
        "lightscreen"
      ],
      "ivs": {
        "hp": 31,
        "atk": 31,
        "def": 31,
        "spa": 31,
        "spd": 31,
        "spe": 31
      },
      "evs": {
        "hp": 80,
        "atk": 80,
        "spa": 80,
        "def": 80,
        "spd": 80,
        "spe": 80
      },
      "heldItem": [
        "sitrus_berry"
      ]
    }
  ]
}