{
  "name": "Elesa_1",
  "ai": {
    "type": "rct",
    "data": {
      "maxSelectMargin": 0.15
    }
  },
  "battleFormat": "Double",
  "battleRules": {
    "maxItemUses": 0
  },
  "team": [
    {
      "species": "voltorb",
      "gender": "GENDERLESS",
      "level": 22,
      "aspects": "",
      "nature": "docile",
      "ability": "aftermath",
      "moveset": [
        "electroball",
        "eerieimpulse",
        "rollout",
        "swift"
      ],
      "ivs": {
        "hp": 5,
        "atk": 5,
        "def": 5,
        "spa": 5,
        "spd": 5,
        "spe": 5
      },
      "evs": {
        "hp": 55,
        "atk": 55,
        "spa": 55,
        "def": 55,
        "spd": 55,
        "spe": 55
      },
      "heldItem": [
        "berry_juice"
      ]
    },
    {
      "species": "voltorb",
      "gender": "GENDERLESS",
      "level": 22,
      "aspects": [
        "hisuian"
      ],
      "nature": "docile",
      "ability": "aftermath",
      "moveset": [
        "electroball",
        "chargebeam",
        "bulletseed",
        "swift"
      ],
      "ivs": {
        "hp": 5,
        "atk": 5,
        "def": 5,
        "spa": 5,
        "spd": 5,
        "spe": 5
      },
      "evs": {
        "hp": 55,
        "atk": 55,
        "spa": 55,
        "def": 55,
        "spd": 55,
        "spe": 55
      },
      "heldItem": [
        "berry_juice"
      ]
    },
    {
      "species": "toxel",
      "gender": "FEMALE",
      "level": 22,
      "aspects": "",
      "nature": "docile",
      "ability": "rattled",
      "moveset": [
        "tearfullook",
        "nuzzle",
        "flail",
        "acid"
      ],
      "ivs": {
        "hp": 5,
        "atk": 5,
        "def": 5,
        "spa": 5,
        "spd": 5,
        "spe": 5
      },
      "evs": {
        "hp": 55,
        "atk": 55,
        "spa": 55,
        "def": 55,
        "spd": 55,
        "spe": 55
      },
      "heldItem": [
        "berry_juice"
      ]
    },
    {
      "species": "pachirisu",
      "gender": "MALE",
      "level": 22,
      "aspects": "",
      "nature": "docile",
      "ability": "voltabsorb",
      "moveset": [
        "swift",
        "nuzzle",
        "quickattack",
        "spark"
      ],
      "ivs": {
        "hp": 5,
        "atk": 5,
        "def": 5,
        "spa": 5,
        "spd": 5,
        "spe": 5
      },
      "evs": {
        "hp": 55,
        "atk": 55,
        "spa": 55,
        "def": 55,
        "spd": 55,
        "spe": 55
      },
      "heldItem": [
        "berry_juice"
      ]
    },
    {
      "species": "pikachu",
      "gender": "MALE",
      "level": 22,
      "aspects": "",
      "nature": "docile",
      "ability": "lightningrod",
      "moveset": [
        "electroball",
        "doubleteam",
        "nuzzle",
        "nastyplot"
      ],
      "ivs": {
        "hp": 5,
        "atk": 5,
        "def": 5,
        "spa": 5,
        "spd": 5,
        "spe": 5
      },
      "evs": {
        "hp": 55,
        "atk": 55,
        "spa": 55,
        "def": 55,
        "spd": 55,
        "spe": 55
      },
      "heldItem": [
        "berry_juice"
      ]
    },
    {
      "species": "pincurchin",
      "gender": "FEMALE",
      "level": 22,
      "aspects": "",
      "nature": "docile",
      "ability": "electricsurge",
      "moveset": [
        "spark",
        "furyattack",
        "charge",
        "watergun"
      ],
      "ivs": {
        "hp": 5,
        "atk": 5,
        "def": 5,
        "spa": 5,
        "spd": 5,
        "spe": 5
      },
      "evs": {
        "hp": 55,
        "atk": 55,
        "spa": 55,
        "def": 55,
        "spd": 55,
        "spe": 55
      },
      "heldItem": [
        "berry_juice"
      ]
    }
  ]
}