{
  "name": "Elesa_7",
  "ai": {
    "type": "rct",
    "data": {
      "maxSelectMargin": 0.15
    }
  },
  "battleFormat": "Single",
  "battleRules": {
    "maxItemUses": 0
  },
  "team": [
    {
      "species": "galvantula",
      "gender": "MALE",
      "level": 64,
      "aspects": "",
      "nature": "docile",
      "ability": "compoundeyes",
      "moveset": [
        "stickyweb",
        "bugbuzz",
        "discharge",
        "thunderwave"
      ],
      "ivs": {
        "hp": 31,
        "atk": 31,
        "def": 31,
        "spa": 31,
        "spd": 31,
        "spe": 31
      },
      "evs": {
        "hp": 85,
        "atk": 85,
        "spa": 85,
        "def": 85,
        "spd": 85,
        "spe": 85
      },
      "heldItem": [
        "focus_sash"
      ]
    },
    {
      "species": "toxtricity",
      "gender": "FEMALE",
      "level": 64,
      "aspects": "",
      "nature": "docile",
      "ability": "punkrock",
      "moveset": [
        "boomburst",
        "overdrive",
        "acidspray",
        "discharge"
      ],
      "ivs": {
        "hp": 31,
        "atk": 31,
        "def": 31,
        "spa": 31,
        "spd": 31,
        "spe": 31
      },
      "evs": {
        "hp": 85,
        "atk": 85,
        "spa": 85,
        "def": 85,
        "spd": 85,
        "spe": 85
      },
      "heldItem": [
        "choice_specs"
      ]
    },
    {
      "species": "dracozolt",
      "gender": "GENDERLESS",
      "level": 64,
      "aspects": "",
      "nature": "docile",
      "ability": "hustle",
      "moveset": [
        "boltbeak",
        "ancientpower",
        "dragontail",
        "slam"
      ],
      "ivs": {
        "hp": 31,
        "atk": 31,
        "def": 31,
        "spa": 31,
        "spd": 31,
        "spe": 31
      },
      "evs": {
        "hp": 85,
        "atk": 85,
        "spa": 85,
        "def": 85,
        "spd": 85,
        "spe": 85
      },
      "heldItem": [
        "wide_lens"
      ]
    },
    {
      "species": "kilowattrel",
      "gender": "MALE",
      "level": 64,
      "aspects": "",
      "nature": "docile",
      "ability": "competitive",
      "moveset": [
        "electroball",
        "hurricane",
        "voltswitch",
        "uproar"
      ],
      "ivs": {
        "hp": 31,
        "atk": 31,
        "def": 31,
        "spa": 31,
        "spd": 31,
        "spe": 31
      },
      "evs": {
        "hp": 85,
        "atk": 85,
        "spa": 85,
        "def": 85,
        "spd": 85,
        "spe": 85
      },
      "heldItem": [
        "weakness_policy"
      ]
    },
    {
      "species": "eelektross",
      "gender": "MALE",
      "level": 64,
      "aspects": "",
      "nature": "docile",
      "ability": "levitate",
      "moveset": [
        "coil",
        "wildcharge",
        "thrash",
        "crunch"
      ],
      "ivs": {
        "hp": 31,
        "atk": 31,
        "def": 31,
        "spa": 31,
        "spd": 31,
        "spe": 31
      },
      "evs": {
        "hp": 85,
        "atk": 85,
        "spa": 85,
        "def": 85,
        "spd": 85,
        "spe": 85
      },
      "heldItem": [
        "leftovers"
      ]
    },
    {
      "species": "magnezone",
      "gender": "GENDERLESS",
      "level": 64,
      "aspects": "",
      "nature": "docile",
      "ability": "analytic",
      "moveset": [
        "discharge",
        "flashcannon",
        "triattack",
        "metalsound"
      ],
      "ivs": {
        "hp": 31,
        "atk": 31,
        "def": 31,
        "spa": 31,
        "spd": 31,
        "spe": 31
      },
      "evs": {
        "hp": 85,
        "atk": 85,
        "spa": 85,
        "def": 85,
        "spd": 85,
        "spe": 85
      },
      "heldItem": [
        "air_balloon"
      ]
    }
  ]
}