{
  "name": "Korrina_5",
  "ai": {
    "type": "rct",
    "data": {
      "maxSelectMargin": 0.15
    }
  },
  "battleFormat": "Double",
  "battleRules": {
    "maxItemUses": 0
  },
  "team": [
    {
      "species": "bewear",
      "gender": "FEMALE",
      "level": 50,
      "aspects": "",
      "nature": "docile",
      "ability": "fluffy",
      "moveset": [
        "thrash",
        "hammerarm",
        "brutalswing",
        "flail"
      ],
      "ivs": {
        "hp": 31,
        "atk": 31,
        "def": 31,
        "spa": 31,
        "spd": 31,
        "spe": 31
      },
      "evs": {
        "hp": 75,
        "atk": 75,
        "spa": 75,
        "def": 75,
        "spd": 75,
        "spe": 75
      },
      "heldItem": [
        "assault_vest"
      ]
    },
    {
      "species": "hariyama",
      "gender": "MALE",
      "level": 50,
      "aspects": "",
      "nature": "docile",
      "ability": "sheerforce",
      "moveset": [
        "fakeout",
        "bellydrum",
        "closecombat",
        "knockoff"
      ],
      "ivs": {
        "hp": 31,
        "atk": 31,
        "def": 31,
        "spa": 31,
        "spd": 31,
        "spe": 31
      },
      "evs": {
        "hp": 75,
        "atk": 75,
        "spa": 75,
        "def": 75,
        "spd": 75,
        "spe": 75
      },
      "heldItem": [
        "quick_claw"
      ]
    },
    {
      "species": "tauros [paldean-blaze]",
      "gender": "MALE",
      "level": 50,
      "aspects": "",
      "nature": "docile",
      "ability": "intimidate",
      "moveset": [
        "ragingbull",
        "zenheadbutt",
        "headbutt",
        "doublekick"
      ],
      "ivs": {
        "hp": 31,
        "atk": 31,
        "def": 31,
        "spa": 31,
        "spd": 31,
        "spe": 31
      },
      "evs": {
        "hp": 75,
        "atk": 75,
        "spa": 75,
        "def": 75,
        "spd": 75,
        "spe": 75
      },
      "heldItem": [
        "choice_band"
      ]
    },
    {
      "species": "farfetch'd [galaria]",
      "gender": "MALE",
      "level": 50,
      "aspects": "",
      "nature": "docile",
      "ability": "scrappy",
      "moveset": [
        "swordsdance",
        "brickbreak",
        "brutalswing",
        "furycutter"
      ],
      "ivs": {
        "hp": 31,
        "atk": 31,
        "def": 31,
        "spa": 31,
        "spd": 31,
        "spe": 31
      },
      "evs": {
        "hp": 75,
        "atk": 75,
        "spa": 75,
        "def": 75,
        "spd": 75,
        "spe": 75
      },
      "heldItem": [
        "leek"
      ]
    },
    {
      "species": "decidueye [hisuian]",
      "gender": "MALE",
      "level": 50,
      "aspects": "",
      "nature": "docile",
      "ability": "scrappy",
      "moveset": [
        "spiritshackle",
        "uturn",
        "leafblade",
        "shadowsneak"
      ],
      "ivs": {
        "hp": 31,
        "atk": 31,
        "def": 31,
        "spa": 31,
        "spd": 31,
        "spe": 31
      },
      "evs": {
        "hp": 75,
        "atk": 75,
        "spa": 75,
        "def": 75,
        "spd": 75,
        "spe": 75
      },
      "heldItem": [
        "muscle_band"
      ]
    },
    {
      "species": "poliwrath",
      "gender": "FEMALE",
      "level": 50,
      "aspects": "",
      "nature": "docile",
      "ability": "damp",
      "moveset": [
        "dynamicpunch",
        "bodyslam",
        "bubblebeam",
        "hypnosis"
      ],
      "ivs": {
        "hp": 31,
        "atk": 31,
        "def": 31,
        "spa": 31,
        "spd": 31,
        "spe": 31
      },
      "evs": {
        "hp": 75,
        "atk": 75,
        "spa": 75,
        "def": 75,
        "spd": 75,
        "spe": 75
      },
      "heldItem": [
        "life_orb"
      ]
    }
  ]
}