{
  "name": "Korrina_6",
  "ai": {
    "type": "rct",
    "data": {
      "maxSelectMargin": 0.15
    }
  },
  "battleFormat": "Double",
  "battleRules": {
    "maxItemUses": 0
  },
  "team": [
    {
      "species": "conkeldurr",
      "gender": "MALE",
      "level": 57,
      "aspects": "",
      "nature": "docile",
      "ability": "guts",
      "moveset": [
        "superpower",
        "rockslide",
        "hammerarm",
        "bulkup"
      ],
      "ivs": {
        "hp": 31,
        "atk": 31,
        "def": 31,
        "spa": 31,
        "spd": 31,
        "spe": 31
      },
      "evs": {
        "hp": 80,
        "atk": 80,
        "spa": 80,
        "def": 80,
        "spd": 80,
        "spe": 80
      },
      "heldItem": [
        "flame_orb"
      ]
    },
    {
      "species": "crabominable",
      "gender": "FEMALE",
      "level": 57,
      "aspects": "",
      "nature": "docile",
      "ability": "ironfist",
      "moveset": [
        "icepunch",
        "icehammer",
        "dynamicpunch",
        "protect"
      ],
      "ivs": {
        "hp": 31,
        "atk": 31,
        "def": 31,
        "spa": 31,
        "spd": 31,
        "spe": 31
      },
      "evs": {
        "hp": 80,
        "atk": 80,
        "spa": 80,
        "def": 80,
        "spd": 80,
        "spe": 80
      },
      "heldItem": [
        "punching_glove"
      ]
    },
    {
      "species": "tauros [paldean-aqua]",
      "gender": "MALE",
      "level": 57,
      "aspects": "",
      "nature": "docile",
      "ability": "intimidate",
      "moveset": [
        "wavecrash",
        "zenheadbutt",
        "doublekick",
        "headbutt"
      ],
      "ivs": {
        "hp": 31,
        "atk": 31,
        "def": 31,
        "spa": 31,
        "spd": 31,
        "spe": 31
      },
      "evs": {
        "hp": 80,
        "atk": 80,
        "spa": 80,
        "def": 80,
        "spd": 80,
        "spe": 80
      },
      "heldItem": [
        "choice_band"
      ]
    },
    {
      "species": "sneasler",
      "gender": "MALE",
      "level": 57,
      "aspects": "",
      "nature": "docile",
      "ability": "unburden",
      "moveset": [
        "direclaw",
        "brickbreak",
        "metalclaw",
        "taunt"
      ],
      "ivs": {
        "hp": 31,
        "atk": 31,
        "def": 31,
        "spa": 31,
        "spd": 31,
        "spe": 31
      },
      "evs": {
        "hp": 80,
        "atk": 80,
        "spa": 80,
        "def": 80,
        "spd": 80,
        "spe": 80
      },
      "heldItem": [
        "poison_gem"
      ]
    },
    {
      "species": "machamp",
      "gender": "MALE",
      "level": 57,
      "aspects": "",
      "nature": "docile",
      "ability": "guts",
      "moveset": [
        "dualchop",
        "vitalthrow",
        "bulkup",
        "knockoff"
      ],
      "ivs": {
        "hp": 31,
        "atk": 31,
        "def": 31,
        "spa": 31,
        "spd": 31,
        "spe": 31
      },
      "evs": {
        "hp": 80,
        "atk": 80,
        "spa": 80,
        "def": 80,
        "spd": 80,
        "spe": 80
      },
      "heldItem": [
        "flame_orb"
      ]
    },
    {
      "species": "falinks",
      "gender": "GENDERLESS",
      "level": 57,
      "aspects": "",
      "nature": "docile",
      "ability": "battlearmor",
      "moveset": [
        "noretreat",
        "firstimpression",
        "megahorn",
        "closecombat"
      ],
      "ivs": {
        "hp": 31,
        "atk": 31,
        "def": 31,
        "spa": 31,
        "spd": 31,
        "spe": 31
      },
      "evs": {
        "hp": 80,
        "atk": 80,
        "spa": 80,
        "def": 80,
        "spd": 80,
        "spe": 80
      },
      "heldItem": [
        "sitrus_berry"
      ]
    }
  ]
}