{
  "name": "Korrina_3",
  "ai": {
    "type": "rct",
    "data": {
      "maxSelectMargin": 0.15
    }
  },
  "battleFormat": "Double",
  "battleRules": {
    "maxItemUses": 0
  },
  "team": [
    {
      "species": "primeape",
      "gender": "MALE",
      "level": 36,
      "aspects": "",
      "nature": "docile",
      "ability": "defiant",
      "moveset": [
        "ragefist",
        "swagger",
        "crosschop",
        "thrash"
      ],
      "ivs": {
        "hp": 15,
        "atk": 15,
        "def": 15,
        "spa": 15,
        "spd": 15,
        "spe": 15
      },
      "evs": {
        "hp": 65,
        "atk": 65,
        "spa": 65,
        "def": 65,
        "spd": 65,
        "spe": 65
      },
      "heldItem": [
        "sitrus_berry"
      ]
    },
    {
      "species": "infernape",
      "gender": "FEMALE",
      "level": 36,
      "aspects": "",
      "nature": "docile",
      "ability": "blaze",
      "moveset": [
        "machpunch",
        "closecombat",
        "flamewheel",
        "leer"
      ],
      "ivs": {
        "hp": 15,
        "atk": 15,
        "def": 15,
        "spa": 15,
        "spd": 15,
        "spe": 15
      },
      "evs": {
        "hp": 65,
        "atk": 65,
        "spa": 65,
        "def": 65,
        "spd": 65,
        "spe": 65
      },
      "heldItem": [
        "sitrus_berry"
      ]
    },
    {
      "species": "quaquaval",
      "gender": "FEMALE",
      "level": 36,
      "aspects": "",
      "nature": "docile",
      "ability": "moxie",
      "moveset": [
        "aquastep",
        "workup",
        "aquajet",
        "lowsweep"
      ],
      "ivs": {
        "hp": 15,
        "atk": 15,
        "def": 15,
        "spa": 15,
        "spd": 15,
        "spe": 15
      },
      "evs": {
        "hp": 65,
        "atk": 65,
        "spa": 65,
        "def": 65,
        "spd": 65,
        "spe": 65
      },
      "heldItem": [
        "sitrus_berry"
      ]
    },
    {
      "species": "liligant [hisuian]",
      "gender": "MALE",
      "level": 36,
      "aspects": "",
      "nature": "docile",
      "ability": "hustle",
      "moveset": [
        "victorydance",
        "axekick",
        "leafblade",
        "teeterdance"
      ],
      "ivs": {
        "hp": 15,
        "atk": 15,
        "def": 15,
        "spa": 15,
        "spd": 15,
        "spe": 15
      },
      "evs": {
        "hp": 65,
        "atk": 65,
        "spa": 65,
        "def": 65,
        "spd": 65,
        "spe": 65
      },
      "heldItem": [
        "sitrus_berry"
      ]
    },
    {
      "species": "grapploct",
      "gender": "MALE",
      "level": 36,
      "aspects": "",
      "nature": "docile",
      "ability": "technician",
      "moveset": [
        "octolock",
        "octazooka",
        "detect",
        "brickbreak"
      ],
      "ivs": {
        "hp": 15,
        "atk": 15,
        "def": 15,
        "spa": 15,
        "spd": 15,
        "spe": 15
      },
      "evs": {
        "hp": 65,
        "atk": 65,
        "spa": 65,
        "def": 65,
        "spd": 65,
        "spe": 65
      },
      "heldItem": [
        "sitrus_berry"
      ]
    },
    {
      "species": "gallade",
      "gender": "MALE",
      "level": 36,
      "aspects": "",
      "nature": "docile",
      "ability": "sharpness",
      "moveset": [
        "nightslash",
        "sacredsword",
        "leafblade",
        "aquacutter"
      ],
      "ivs": {
        "hp": 15,
        "atk": 15,
        "def": 15,
        "spa": 15,
        "spd": 15,
        "spe": 15
      },
      "evs": {
        "hp": 65,
        "atk": 65,
        "spa": 65,
        "def": 65,
        "spd": 65,
        "spe": 65
      },
      "heldItem": [
        "sitrus_berry"
      ]
    }
  ]
}