{
  "name": "Korrina_1",
  "ai": {
    "type": "rct",
    "data": {
      "maxSelectMargin": 0.15
    }
  },
  "battleFormat": "Single",
  "battleRules": {
    "maxItemUses": 0
  },
  "team": [
    {
      "species": "timburr",
      "gender": "MALE",
      "level": 22,
      "aspects": "",
      "nature": "docile",
      "ability": "sheerforce",
      "moveset": [
        "rockslide",
        "bulkup",
        "lowkick",
        "leer"
      ],
      "ivs": {
        "hp": 5,
        "atk": 5,
        "def": 5,
        "spa": 5,
        "spd": 5,
        "spe": 5
      },
      "evs": {
        "hp": 55,
        "atk": 55,
        "spa": 55,
        "def": 55,
        "spd": 55,
        "spe": 55
      },
      "heldItem": [
        "berry_juice"
      ]
    },
    {
      "species": "makuhita",
      "gender": "FEMALE",
      "level": 22,
      "aspects": "",
      "nature": "docile",
      "ability": "sheerforce",
      "moveset": [
        "bulkup",
        "whirlwind",
        "forcepalm",
        "fakeout"
      ],
      "ivs": {
        "hp": 5,
        "atk": 5,
        "def": 5,
        "spa": 5,
        "spd": 5,
        "spe": 5
      },
      "evs": {
        "hp": 55,
        "atk": 55,
        "spa": 55,
        "def": 55,
        "spd": 55,
        "spe": 55
      },
      "heldItem": [
        "berry_juice"
      ]
    },
    {
      "species": "sneasel [hisuian]",
      "gender": "FEMALE",
      "level": 22,
      "aspects": "",
      "nature": "docile",
      "ability": "keeneye",
      "moveset": [
        "metalclaw",
        "quickattack",
        "rocksmash",
        "taunt"
      ],
      "ivs": {
        "hp": 5,
        "atk": 5,
        "def": 5,
        "spa": 5,
        "spd": 5,
        "spe": 5
      },
      "evs": {
        "hp": 55,
        "atk": 55,
        "spa": 55,
        "def": 55,
        "spd": 55,
        "spe": 55
      },
      "heldItem": [
        "berry_juice"
      ]
    },
    {
      "species": "flamigo",
      "gender": "MALE",
      "level": 22,
      "aspects": "",
      "nature": "docile",
      "ability": "scrappy",
      "moveset": [
        "copycat",
        "detect",
        "wingattack",
        "lowkick"
      ],
      "ivs": {
        "hp": 5,
        "atk": 5,
        "def": 5,
        "spa": 5,
        "spd": 5,
        "spe": 5
      },
      "evs": {
        "hp": 55,
        "atk": 55,
        "spa": 55,
        "def": 55,
        "spd": 55,
        "spe": 55
      },
      "heldItem": [
        "berry_juice"
      ]
    },
    {
      "species": "croagunk",
      "gender": "MALE",
      "level": 22,
      "aspects": "",
      "nature": "docile",
      "ability": "poisontouch",
      "moveset": [
        "flatter",
        "taunt",
        "mudslap",
        "lowkick"
      ],
      "ivs": {
        "hp": 5,
        "atk": 5,
        "def": 5,
        "spa": 5,
        "spd": 5,
        "spe": 5
      },
      "evs": {
        "hp": 55,
        "atk": 55,
        "spa": 55,
        "def": 55,
        "spd": 55,
        "spe": 55
      },
      "heldItem": [
        "berry_juice"
      ]
    },
    {
      "species": "stufful",
      "gender": "FEMALE",
      "level": 22,
      "aspects": "",
      "nature": "docile",
      "ability": "cutecharm",
      "moveset": [
        "brutalswing",
        "strength",
        "babydolleyes",
        "leer"
      ],
      "ivs": {
        "hp": 5,
        "atk": 5,
        "def": 5,
        "spa": 5,
        "spd": 5,
        "spe": 5
      },
      "evs": {
        "hp": 55,
        "atk": 55,
        "spa": 55,
        "def": 55,
        "spd": 55,
        "spe": 55
      },
      "heldItem": [
        "berry_juice"
      ]
    }
  ]
}