{
  "name": "Larry_7",
  "ai": {
    "type": "rct",
    "data": {
      "maxSelectMargin": 0.15
    }
  },
  "battleFormat": "Double",
  "battleRules": {
    "maxItemUses": 0
  },
  "team": [
    {
      "species": "dudunsparce",
      "gender": "MALE",
      "level": 64,
      "aspects": [
        "three-segment-form"
      ],
      "nature": "docile",
      "ability": "serenegrace",
      "moveset": [
        "ancientpower",
        "glare",
        "boomburst",
        "hurricane"
      ],
      "ivs": {
        "hp": 31,
        "atk": 31,
        "def": 31,
        "spa": 31,
        "spd": 31,
        "spe": 31
      },
      "evs": {
        "hp": 85,
        "atk": 85,
        "spa": 85,
        "def": 85,
        "spd": 85,
        "spe": 85
      },
      "heldItem": [
        "kings_rock"
      ]
    },
    {
      "species": "zoroark",
      "gender": "FEMALE",
      "level": 64,
      "aspects": [
        "hisuian"
      ],
      "nature": "docile",
      "ability": "illusion",
      "moveset": [
        "uturn",
        "bittermalice",
        "knockoff",
        "shadowsneak"
      ],
      "ivs": {
        "hp": 31,
        "atk": 31,
        "def": 31,
        "spa": 31,
        "spd": 31,
        "spe": 31
      },
      "evs": {
        "hp": 85,
        "atk": 85,
        "spa": 85,
        "def": 85,
        "spd": 85,
        "spe": 85
      },
      "heldItem": [
        "red_card"
      ]
    },
    {
      "species": "drampa",
      "gender": "FEMALE",
      "level": 64,
      "aspects": "",
      "nature": "docile",
      "ability": "berserk",
      "moveset": [
        "hypervoice",
        "dragonpulse",
        "extrasensory",
        "protect"
      ],
      "ivs": {
        "hp": 31,
        "atk": 31,
        "def": 31,
        "spa": 31,
        "spd": 31,
        "spe": 31
      },
      "evs": {
        "hp": 85,
        "atk": 85,
        "spa": 85,
        "def": 85,
        "spd": 85,
        "spe": 85
      },
      "heldItem": [
        "choice_scarf"
      ]
    },
    {
      "species": "bewear",
      "gender": "MALE",
      "level": 64,
      "aspects": "",
      "nature": "docile",
      "ability": "fluffy",
      "moveset": [
        "superpower",
        "female",
        "painsplit",
        "brutalswing"
      ],
      "ivs": {
        "hp": 31,
        "atk": 31,
        "def": 31,
        "spa": 31,
        "spd": 31,
        "spe": 31
      },
      "evs": {
        "hp": 85,
        "atk": 85,
        "spa": 85,
        "def": 85,
        "spd": 85,
        "spe": 85
      },
      "heldItem": [
        "salac_berry"
      ]
    },
    {
      "species": "ursaluna",
      "gender": "MALE",
      "level": 64,
      "aspects": "",
      "nature": "docile",
      "ability": "gust",
      "moveset": [
        "headlongrush",
        "hammerarm",
        "playrough",
        "payback"
      ],
      "ivs": {
        "hp": 31,
        "atk": 31,
        "def": 31,
        "spa": 31,
        "spd": 31,
        "spe": 31
      },
      "evs": {
        "hp": 85,
        "atk": 85,
        "spa": 85,
        "def": 85,
        "spd": 85,
        "spe": 85
      },
      "heldItem": [
        "burn_orb"
      ]
    },
    {
      "species": "staraptor",
      "gender": "FEMALE",
      "level": 64,
      "aspects": "",
      "nature": "docile",
      "ability": "reckless",
      "moveset": [
        "bravebird",
        "takedown",
        "closecombat",
        "aerialace"
      ],
      "ivs": {
        "hp": 31,
        "atk": 31,
        "def": 31,
        "spa": 31,
        "spd": 31,
        "spe": 31
      },
      "evs": {
        "hp": 85,
        "atk": 85,
        "spa": 85,
        "def": 85,
        "spd": 85,
        "spe": 85
      },
      "heldItem": [
        "assault_vest"
      ]
    }
  ]
}