{
  "name": "Larry_5",
  "ai": {
    "type": "rct",
    "data": {
      "maxSelectMargin": 0.15
    }
  },
  "battleFormat": "Double",
  "battleRules": {
    "maxItemUses": 0
  },
  "team": [
    {
      "species": "porygon 2",
      "gender": "GENDERLESS",
      "level": 50,
      "aspects": "",
      "nature": "docile",
      "ability": "analytic",
      "moveset": [
        "triattack",
        "discharge",
        "recover",
        "psybeam"
      ],
      "ivs": {
        "hp": 31,
        "atk": 31,
        "def": 31,
        "spa": 31,
        "spd": 31,
        "spe": 31
      },
      "evs": {
        "hp": 75,
        "atk": 75,
        "spa": 75,
        "def": 75,
        "spd": 75,
        "spe": 75
      },
      "heldItem": [
        "eviolite"
      ]
    },
    {
      "species": "noctowl",
      "gender": "MALE",
      "level": 50,
      "aspects": "",
      "nature": "docile",
      "ability": "tintedlens",
      "moveset": [
        "moonblast",
        "hypnosis",
        "roost",
        "extrasensory"
      ],
      "ivs": {
        "hp": 31,
        "atk": 31,
        "def": 31,
        "spa": 31,
        "spd": 31,
        "spe": 31
      },
      "evs": {
        "hp": 75,
        "atk": 75,
        "spa": 75,
        "def": 75,
        "spd": 75,
        "spe": 75
      },
      "heldItem": [
        "lum_berry"
      ]
    },
    {
      "species": "kangaskhan",
      "gender": "FEMALE",
      "level": 50,
      "aspects": "",
      "nature": "docile",
      "ability": "scrappy",
      "moveset": [
        "fakeout",
        "outrage",
        "crunch",
        "suckerpunch"
      ],
      "ivs": {
        "hp": 31,
        "atk": 31,
        "def": 31,
        "spa": 31,
        "spd": 31,
        "spe": 31
      },
      "evs": {
        "hp": 75,
        "atk": 75,
        "spa": 75,
        "def": 75,
        "spd": 75,
        "spe": 75
      },
      "heldItem": [
        "leftovers"
      ]
    },
    {
      "species": "snorlax",
      "gender": "MALE",
      "level": 50,
      "aspects": "",
      "nature": "docile",
      "ability": "gluttony",
      "moveset": [
        "bellydrum",
        "highhorsepower",
        "heavyslam",
        "recycle"
      ],
      "ivs": {
        "hp": 31,
        "atk": 31,
        "def": 31,
        "spa": 31,
        "spd": 31,
        "spe": 31
      },
      "evs": {
        "hp": 75,
        "atk": 75,
        "spa": 75,
        "def": 75,
        "spd": 75,
        "spe": 75
      },
      "heldItem": [
        "sitrus_berry"
      ]
    },
    {
      "species": "sawsbuck",
      "gender": "MALE",
      "level": 50,
      "aspects": [
        "winter"
      ],
      "nature": "docile",
      "ability": "serenegrace",
      "moveset": [
        "zenheadbutt",
        "hornleech",
        "megahorn",
        "doublekick"
      ],
      "ivs": {
        "hp": 31,
        "atk": 31,
        "def": 31,
        "spa": 31,
        "spd": 31,
        "spe": 31
      },
      "evs": {
        "hp": 75,
        "atk": 75,
        "spa": 75,
        "def": 75,
        "spd": 75,
        "spe": 75
      },
      "heldItem": [
        "big_root"
      ]
    },
    {
      "species": "obstagoon",
      "gender": "FEMALE",
      "level": 50,
      "aspects": "",
      "nature": "docile",
      "ability": "guts",
      "moveset": [
        "obstruct",
        "crosschop",
        "rest",
        "snarl"
      ],
      "ivs": {
        "hp": 31,
        "atk": 31,
        "def": 31,
        "spa": 31,
        "spd": 31,
        "spe": 31
      },
      "evs": {
        "hp": 75,
        "atk": 75,
        "spa": 75,
        "def": 75,
        "spd": 75,
        "spe": 75
      },
      "heldItem": [
        "burn_orb"
      ]
    }
  ]
}