{
  "name": "Milo_2",
  "ai": {
    "type": "rct",
    "data": {
      "maxSelectMargin": 0.15
    }
  },
  "battleFormat": "Single",
  "battleRules": {
    "maxItemUses": 0
  },
  "team": [
    {
      "species": "bellossom",
      "gender": "MALE",
      "level": 29,
      "aspects": "",
      "nature": "docile",
      "ability": "chlorophyll",
      "moveset": [
        "petalblizzard",
        "grassyterrain",
        "moonlight",
        "moonblast"
      ],
      "ivs": {
        "hp": 15,
        "atk": 15,
        "def": 15,
        "spa": 15,
        "spd": 15,
        "spe": 15
      },
      "evs": {
        "hp": 60,
        "atk": 60,
        "spa": 60,
        "def": 60,
        "spd": 60,
        "spe": 60
      },
      "heldItem": [
        "sitrus_berry"
      ]
    },
    {
      "species": "shiftry",
      "gender": "FEMALE",
      "level": 29,
      "aspects": "",
      "nature": "docile",
      "ability": "pickpocket",
      "moveset": [
        "leafblade",
        "sunnyday",
        "payback",
        "aircutter"
      ],
      "ivs": {
        "hp": 15,
        "atk": 15,
        "def": 15,
        "spa": 15,
        "spd": 15,
        "spe": 15
      },
      "evs": {
        "hp": 60,
        "atk": 60,
        "spa": 60,
        "def": 60,
        "spd": 60,
        "spe": 60
      },
      "heldItem": [
        "sitrus_berry"
      ]
    },
    {
      "species": "leafeon",
      "gender": "FEMALE",
      "level": 29,
      "aspects": "",
      "nature": "docile",
      "ability": "chlorophyll",
      "moveset": [
        "magicalleaf",
        "razorleaf",
        "sandattack",
        "quickattack"
      ],
      "ivs": {
        "hp": 15,
        "atk": 15,
        "def": 15,
        "spa": 15,
        "spd": 15,
        "spe": 15
      },
      "evs": {
        "hp": 60,
        "atk": 60,
        "spa": 60,
        "def": 60,
        "spd": 60,
        "spe": 60
      },
      "heldItem": [
        "sitrus_berry"
      ]
    },
    {
      "species": "leavanny",
      "gender": "MALE",
      "level": 29,
      "aspects": "",
      "nature": "docile",
      "ability": "chlorophyll",
      "moveset": [
        "fellstinger",
        "razorleaf",
        "slash",
        "strugglebug"
      ],
      "ivs": {
        "hp": 15,
        "atk": 15,
        "def": 15,
        "spa": 15,
        "spd": 15,
        "spe": 15
      },
      "evs": {
        "hp": 60,
        "atk": 60,
        "spa": 60,
        "def": 60,
        "spd": 60,
        "spe": 60
      },
      "heldItem": [
        "sitrus_berry"
      ]
    },
    {
      "species": "electrode",
      "gender": "MALE",
      "level": 29,
      "aspects": [
        "hisuian"
      ],
      "nature": "docile",
      "ability": "static",
      "moveset": [
        "electroball",
        "lightscreen",
        "selfdestruct",
        "rollout"
      ],
      "ivs": {
        "hp": 15,
        "atk": 15,
        "def": 15,
        "spa": 15,
        "spd": 15,
        "spe": 15
      },
      "evs": {
        "hp": 60,
        "atk": 60,
        "spa": 60,
        "def": 60,
        "spd": 60,
        "spe": 60
      },
      "heldItem": [
        "sitrus_berry"
      ]
    },
    {
      "species": "tsareena",
      "gender": "FEMALE",
      "level": 29,
      "aspects": "",
      "nature": "docile",
      "ability": "leafguard",
      "moveset": [
        "tropkick",
        "razorleaf",
        "stomp",
        "rapidspin"
      ],
      "ivs": {
        "hp": 15,
        "atk": 15,
        "def": 15,
        "spa": 15,
        "spd": 15,
        "spe": 15
      },
      "evs": {
        "hp": 60,
        "atk": 60,
        "spa": 60,
        "def": 60,
        "spd": 60,
        "spe": 60
      },
      "heldItem": [
        "sitrus_berry"
      ]
    }
  ]
}