{
  "name": "Milo_6",
  "ai": {
    "type": "rct",
    "data": {
      "maxSelectMargin": 0.15
    }
  },
  "battleFormat": "Double",
  "battleRules": {
    "maxItemUses": 0
  },
  "team": [
    {
      "species": "jumpluff",
      "gender": "MALE",
      "level": 57,
      "aspects": "",
      "nature": "docile",
      "ability": "infiltrator",
      "moveset": [
        "uturn",
        "synthesis",
        "leechseed",
        "acrobatics"
      ],
      "ivs": {
        "hp": 31,
        "atk": 31,
        "def": 31,
        "spa": 31,
        "spd": 31,
        "spe": 31
      },
      "evs": {
        "hp": 80,
        "atk": 80,
        "spa": 80,
        "def": 80,
        "spd": 80,
        "spe": 80
      },
      "heldItem": [
        "flying_gem"
      ]
    },
    {
      "species": "dhelmise",
      "gender": "GENDERLESS",
      "level": 57,
      "aspects": "",
      "nature": "docile",
      "ability": "steelworker",
      "moveset": [
        "anchorshot",
        "gyroball",
        "shadowball",
        "whirlpool"
      ],
      "ivs": {
        "hp": 31,
        "atk": 31,
        "def": 31,
        "spa": 31,
        "spd": 31,
        "spe": 31
      },
      "evs": {
        "hp": 80,
        "atk": 80,
        "spa": 80,
        "def": 80,
        "spd": 80,
        "spe": 80
      },
      "heldItem": [
        "iron_ball"
      ]
    },
    {
      "species": "sinistcha",
      "gender": "GENDERLESS",
      "level": 57,
      "aspects": "",
      "nature": "docile",
      "ability": "hospitality",
      "moveset": [
        "matchagotcha",
        "lifedew",
        "shadowball",
        "stunspore"
      ],
      "ivs": {
        "hp": 31,
        "atk": 31,
        "def": 31,
        "spa": 31,
        "spd": 31,
        "spe": 31
      },
      "evs": {
        "hp": 80,
        "atk": 80,
        "spa": 80,
        "def": 80,
        "spd": 80,
        "spe": 80
      },
      "heldItem": [
        "leftovers"
      ]
    },
    {
      "species": "liligant",
      "gender": "MALE",
      "level": 57,
      "aspects": [
        "hisuian"
      ],
      "nature": "docile",
      "ability": "hustle",
      "moveset": [
        "victorydance",
        "petalblizzard",
        "helpinghand",
        "leafblade"
      ],
      "ivs": {
        "hp": 31,
        "atk": 31,
        "def": 31,
        "spa": 31,
        "spd": 31,
        "spe": 31
      },
      "evs": {
        "hp": 80,
        "atk": 80,
        "spa": 80,
        "def": 80,
        "spd": 80,
        "spe": 80
      },
      "heldItem": [
        "wide_lens"
      ]
    },
    {
      "species": "shiinotic",
      "gender": "MALE",
      "level": 57,
      "aspects": "",
      "nature": "docile",
      "ability": "effectspore",
      "moveset": [
        "spore",
        "dazzlinggleam",
        "gigadrain",
        "ingrain"
      ],
      "ivs": {
        "hp": 31,
        "atk": 31,
        "def": 31,
        "spa": 31,
        "spd": 31,
        "spe": 31
      },
      "evs": {
        "hp": 80,
        "atk": 80,
        "spa": 80,
        "def": 80,
        "spd": 80,
        "spe": 80
      },
      "heldItem": [
        "lum_berry"
      ]
    },
    {
      "species": "meowscarada",
      "gender": "FEMALE",
      "level": 57,
      "aspects": "",
      "nature": "docile",
      "ability": "protean",
      "moveset": [
        "flowertrick",
        "uturn",
        "nightslash",
        "playrough"
      ],
      "ivs": {
        "hp": 31,
        "atk": 31,
        "def": 31,
        "spa": 31,
        "spd": 31,
        "spe": 31
      },
      "evs": {
        "hp": 80,
        "atk": 80,
        "spa": 80,
        "def": 80,
        "spd": 80,
        "spe": 80
      },
      "heldItem": [
        "choice_band"
      ]
    }
  ]
}