{
  "name": "Milo_7",
  "ai": {
    "type": "rct",
    "data": {
      "maxSelectMargin": 0.15
    }
  },
  "battleFormat": "Double",
  "battleRules": {
    "maxItemUses": 0
  },
  "team": [
    {
      "species": "scovillain",
      "gender": "MALE",
      "level": 64,
      "aspects": "",
      "nature": "docile",
      "ability": "moody",
      "moveset": [
        "flamethrower",
        "zenheadbutt",
        "growth",
        "crunch"
      ],
      "ivs": {
        "hp": 31,
        "atk": 31,
        "def": 31,
        "spa": 31,
        "spd": 31,
        "spe": 31
      },
      "evs": {
        "hp": 85,
        "atk": 85,
        "spa": 85,
        "def": 85,
        "spd": 85,
        "spe": 85
      },
      "heldItem": [
        "life_orb"
      ]
    },
    {
      "species": "ferrothron",
      "gender": "FEMALE",
      "level": 64,
      "aspects": "",
      "nature": "docile",
      "ability": "ironbarbs",
      "moveset": [
        "powerwhip",
        "ingrain",
        "curse",
        "gyroball"
      ],
      "ivs": {
        "hp": 31,
        "atk": 31,
        "def": 31,
        "spa": 31,
        "spd": 31,
        "spe": 31
      },
      "evs": {
        "hp": 85,
        "atk": 85,
        "spa": 85,
        "def": 85,
        "spd": 85,
        "spe": 85
      },
      "heldItem": [
        "rocky_helmet"
      ]
    },
    {
      "species": "torterra",
      "gender": "FEMALE",
      "level": 64,
      "aspects": "",
      "nature": "docile",
      "ability": "shellarmor",
      "moveset": [
        "curse",
        "synthesis",
        "earthquake",
        "crunch"
      ],
      "ivs": {
        "hp": 31,
        "atk": 31,
        "def": 31,
        "spa": 31,
        "spd": 31,
        "spe": 31
      },
      "evs": {
        "hp": 85,
        "atk": 85,
        "spa": 85,
        "def": 85,
        "spd": 85,
        "spe": 85
      },
      "heldItem": [
        "lum_berry"
      ]
    },
    {
      "species": "amoonguss",
      "gender": "MALE",
      "level": 64,
      "aspects": "",
      "nature": "docile",
      "ability": "regenerator",
      "moveset": [
        "spore",
        "ragepowder",
        "gigadrain",
        "synthesis"
      ],
      "ivs": {
        "hp": 31,
        "atk": 31,
        "def": 31,
        "spa": 31,
        "spd": 31,
        "spe": 31
      },
      "evs": {
        "hp": 85,
        "atk": 85,
        "spa": 85,
        "def": 85,
        "spd": 85,
        "spe": 85
      },
      "heldItem": [
        "leftovers"
      ]
    },
    {
      "species": "exeggutor",
      "gender": "MALE",
      "level": 64,
      "aspects": [
        "alolan"
      ],
      "nature": "docile",
      "ability": "harvest",
      "moveset": [
        "dragonhammer",
        "psyshock",
        "hypnosis",
        "woodhammer"
      ],
      "ivs": {
        "hp": 31,
        "atk": 31,
        "def": 31,
        "spa": 31,
        "spd": 31,
        "spe": 31
      },
      "evs": {
        "hp": 85,
        "atk": 85,
        "spa": 85,
        "def": 85,
        "spd": 85,
        "spe": 85
      },
      "heldItem": [
        "sitrus_berry"
      ]
    },
    {
      "species": "ludicolo",
      "gender": "FEMALE",
      "level": 64,
      "aspects": "",
      "nature": "docile",
      "ability": "raindish",
      "moveset": [
        "fakeout",
        "raindance",
        "energyball",
        "zenheadbutt"
      ],
      "ivs": {
        "hp": 31,
        "atk": 31,
        "def": 31,
        "spa": 31,
        "spd": 31,
        "spe": 31
      },
      "evs": {
        "hp": 85,
        "atk": 85,
        "spa": 85,
        "def": 85,
        "spd": 85,
        "spe": 85
      },
      "heldItem": [
        "damp_rock"
      ]
    }
  ]
}