{
  "name": "Milo_0",
  "ai": {
    "type": "rct",
    "data": {
      "maxSelectMargin": 0.15
    }
  },
  "battleFormat": "Single",
  "battleRules": {
    "maxItemUses": 0
  },
  "team": [
    {
      "species": "phantump",
      "gender": "FEMALE",
      "level": 15,
      "aspects": "",
      "nature": "docile",
      "ability": "naturalcure",
      "moveset": [
        "confuseray",
        "branchpoke",
        "leechseed",
        "astonish"
      ],
      "ivs": {
        "hp": 5,
        "atk": 5,
        "def": 5,
        "spa": 5,
        "spd": 5,
        "spe": 5
      },
      "evs": {
        "hp": 50,
        "atk": 50,
        "spa": 50,
        "def": 50,
        "spd": 50,
        "spe": 50
      },
      "heldItem": [
        "berry_juice"
      ]
    },
    {
      "species": "voltorb",
      "gender": "MALE",
      "level": 15,
      "aspects": [
        "hisuian"
      ],
      "nature": "docile",
      "ability": "static",
      "moveset": [
        "rollout",
        "stunspore",
        "thundershock",
        "bulletseed"
      ],
      "ivs": {
        "hp": 5,
        "atk": 5,
        "def": 5,
        "spa": 5,
        "spd": 5,
        "spe": 5
      },
      "evs": {
        "hp": 50,
        "atk": 50,
        "spa": 50,
        "def": 50,
        "spd": 50,
        "spe": 50
      },
      "heldItem": [
        "berry_juice"
      ]
    },
    {
      "species": "lotad",
      "gender": "FEMALE",
      "level": 15,
      "aspects": "",
      "nature": "docile",
      "ability": "owntempo",
      "moveset": [
        "megadrain",
        "mist",
        "watergun",
        "astonish"
      ],
      "ivs": {
        "hp": 5,
        "atk": 5,
        "def": 5,
        "spa": 5,
        "spd": 5,
        "spe": 5
      },
      "evs": {
        "hp": 50,
        "atk": 50,
        "spa": 50,
        "def": 50,
        "spd": 50,
        "spe": 50
      },
      "heldItem": [
        "berry_juice"
      ]
    },
    {
      "species": "toedscool",
      "gender": "MALE",
      "level": 15,
      "aspects": "",
      "nature": "docile",
      "ability": "myceliummight",
      "moveset": [
        "poisonpowder",
        "mudslap",
        "supersonic",
        "absorb"
      ],
      "ivs": {
        "hp": 5,
        "atk": 5,
        "def": 5,
        "spa": 5,
        "spd": 5,
        "spe": 5
      },
      "evs": {
        "hp": 50,
        "atk": 50,
        "spa": 50,
        "def": 50,
        "spd": 50,
        "spe": 50
      },
      "heldItem": [
        "berry_juice"
      ]
    },
    {
      "species": "bulbasaur",
      "gender": "MALE",
      "level": 15,
      "aspects": "",
      "nature": "docile",
      "ability": "overgrow",
      "moveset": [
        "leechseed",
        "sleeppowder",
        "razorleaf",
        "growth"
      ],
      "ivs": {
        "hp": 5,
        "atk": 5,
        "def": 5,
        "spa": 5,
        "spd": 5,
        "spe": 5
      },
      "evs": {
        "hp": 50,
        "atk": 50,
        "spa": 50,
        "def": 50,
        "spd": 50,
        "spe": 50
      },
      "heldItem": [
        "berry_juice"
      ]
    },
    {
      "species": "morelull",
      "gender": "FEMALE",
      "level": 15,
      "aspects": "",
      "nature": "docile",
      "ability": "effectspore",
      "moveset": [
        "megadrain",
        "ingrain",
        "confuseray",
        "astonish"
      ],
      "ivs": {
        "hp": 5,
        "atk": 5,
        "def": 5,
        "spa": 5,
        "spd": 5,
        "spe": 5
      },
      "evs": {
        "hp": 50,
        "atk": 50,
        "spa": 50,
        "def": 50,
        "spd": 50,
        "spe": 50
      },
      "heldItem": [
        "berry_juice"
      ]
    }
  ]
}