{
  "name": "Milo_3",
  "ai": {
    "type": "rct",
    "data": {
      "maxSelectMargin": 0.15
    }
  },
  "battleFormat": "Single",
  "battleRules": {
    "maxItemUses": 0
  },
  "team": [
    {
      "species": "roserade",
      "gender": "MALE",
      "level": 36,
      "aspects": "",
      "nature": "docile",
      "ability": "technician",
      "moveset": [
        "magicalleaf",
        "toxicspikes",
        "growth",
        "gigadrain"
      ],
      "ivs": {
        "hp": 15,
        "atk": 15,
        "def": 15,
        "spa": 15,
        "spd": 15,
        "spe": 15
      },
      "evs": {
        "hp": 65,
        "atk": 65,
        "spa": 65,
        "def": 65,
        "spd": 65,
        "spe": 65
      },
      "heldItem": [
        "sitrus_berry"
      ]
    },
    {
      "species": "lilligant",
      "gender": "FEMALE",
      "level": 36,
      "aspects": "",
      "nature": "docile",
      "ability": "leafguard",
      "moveset": [
        "sunnyday",
        "synthesis",
        "magicalleaf",
        "quiverdance"
      ],
      "ivs": {
        "hp": 15,
        "atk": 15,
        "def": 15,
        "spa": 15,
        "spd": 15,
        "spe": 15
      },
      "evs": {
        "hp": 65,
        "atk": 65,
        "spa": 65,
        "def": 65,
        "spd": 65,
        "spe": 65
      },
      "heldItem": [
        "sitrus_berry"
      ]
    },
    {
      "species": "gourgeist",
      "gender": "FEMALE",
      "level": 36,
      "aspects": [
        "pumpkin-size-super"
      ],
      "nature": "docile",
      "ability": "insomnia",
      "moveset": [
        "explosion",
        "shadowsneak",
        "seedbomb",
        "confuseray"
      ],
      "ivs": {
        "hp": 15,
        "atk": 15,
        "def": 15,
        "spa": 15,
        "spd": 15,
        "spe": 15
      },
      "evs": {
        "hp": 65,
        "atk": 65,
        "spa": 65,
        "def": 65,
        "spd": 65,
        "spe": 65
      },
      "heldItem": [
        "sitrus_berry"
      ]
    },
    {
      "species": "sawsbuck",
      "gender": "MALE",
      "level": 36,
      "aspects": [
        "spring"
      ],
      "nature": "docile",
      "ability": "chlorophyll",
      "moveset": [
        "zenheadbutt",
        "leechseed",
        "megahorn",
        "hornleech"
      ],
      "ivs": {
        "hp": 15,
        "atk": 15,
        "def": 15,
        "spa": 15,
        "spd": 15,
        "spe": 15
      },
      "evs": {
        "hp": 65,
        "atk": 65,
        "spa": 65,
        "def": 65,
        "spd": 65,
        "spe": 65
      },
      "heldItem": [
        "sitrus_berry"
      ]
    },
    {
      "species": "trevenant",
      "gender": "MALE",
      "level": 36,
      "aspects": "",
      "nature": "docile",
      "ability": "harvest",
      "moveset": [
        "shadowclaw",
        "phantomforce",
        "hornleech",
        "curse"
      ],
      "ivs": {
        "hp": 15,
        "atk": 15,
        "def": 15,
        "spa": 15,
        "spd": 15,
        "spe": 15
      },
      "evs": {
        "hp": 65,
        "atk": 65,
        "spa": 65,
        "def": 65,
        "spd": 65,
        "spe": 65
      },
      "heldItem": [
        "sitrus_berry"
      ]
    },
    {
      "species": "serperior",
      "gender": "FEMALE",
      "level": 36,
      "aspects": "",
      "nature": "docile",
      "ability": "overgrow",
      "moveset": [
        "leechseed",
        "leafblade",
        "slam",
        "growth"
      ],
      "ivs": {
        "hp": 15,
        "atk": 15,
        "def": 15,
        "spa": 15,
        "spd": 15,
        "spe": 15
      },
      "evs": {
        "hp": 65,
        "atk": 65,
        "spa": 65,
        "def": 65,
        "spd": 65,
        "spe": 65
      },
      "heldItem": [
        "sitrus_berry"
      ]
    }
  ]
}