{
  "name": "Milo_4",
  "ai": {
    "type": "rct",
    "data": {
      "maxSelectMargin": 0.15
    }
  },
  "battleFormat": "Single",
  "battleRules": {
    "maxItemUses": 0
  },
  "team": [
    {
      "species": "victreebel",
      "gender": "MALE",
      "level": 43,
      "aspects": "",
      "nature": "docile",
      "ability": "gluttony",
      "moveset": [
        "sleeppowder",
        "growth",
        "knockoff",
        "poisonjab"
      ],
      "ivs": {
        "hp": 20,
        "atk": 20,
        "def": 20,
        "spa": 20,
        "spd": 20,
        "spe": 20
      },
      "evs": {
        "hp": 70,
        "atk": 70,
        "spa": 70,
        "def": 70,
        "spd": 70,
        "spe": 70
      },
      "heldItem": [
        "sitrus_berry"
      ]
    },
    {
      "species": "cacturne",
      "gender": "FEMALE",
      "level": 43,
      "aspects": "",
      "nature": "docile",
      "ability": "waterabsorb",
      "moveset": [
        "spikyshield",
        "ingrain",
        "suckerpunch",
        "spikes"
      ],
      "ivs": {
        "hp": 20,
        "atk": 20,
        "def": 20,
        "spa": 20,
        "spd": 20,
        "spe": 20
      },
      "evs": {
        "hp": 70,
        "atk": 70,
        "spa": 70,
        "def": 70,
        "spd": 70,
        "spe": 70
      },
      "heldItem": [
        "sitrus_berry"
      ]
    },
    {
      "species": "tangrowth",
      "gender": "FEMALE",
      "level": 43,
      "aspects": "",
      "nature": "docile",
      "ability": "regenerator",
      "moveset": [
        "ancientpower",
        "knockoff",
        "sleeppowder",
        "gigadrain"
      ],
      "ivs": {
        "hp": 20,
        "atk": 20,
        "def": 20,
        "spa": 20,
        "spd": 20,
        "spe": 20
      },
      "evs": {
        "hp": 70,
        "atk": 70,
        "spa": 70,
        "def": 70,
        "spd": 70,
        "spe": 70
      },
      "heldItem": [
        "sitrus_berry"
      ]
    },
    {
      "species": "decidueye",
      "gender": "MALE",
      "level": 43,
      "aspects": "",
      "nature": "docile",
      "ability": "overgrow",
      "moveset": [
        "uturn",
        "synthesis",
        "pluck",
        "phantomforce"
      ],
      "ivs": {
        "hp": 20,
        "atk": 20,
        "def": 20,
        "spa": 20,
        "spd": 20,
        "spe": 20
      },
      "evs": {
        "hp": 70,
        "atk": 70,
        "spa": 70,
        "def": 70,
        "spd": 70,
        "spe": 70
      },
      "heldItem": [
        "sitrus_berry"
      ]
    },
    {
      "species": "breloom",
      "gender": "MALE",
      "level": 43,
      "aspects": "",
      "nature": "docile",
      "ability": "effectspore",
      "moveset": [
        "machpunch",
        "counter",
        "brickbreak",
        "headbutt"
      ],
      "ivs": {
        "hp": 20,
        "atk": 20,
        "def": 20,
        "spa": 20,
        "spd": 20,
        "spe": 20
      },
      "evs": {
        "hp": 70,
        "atk": 70,
        "spa": 70,
        "def": 70,
        "spd": 70,
        "spe": 70
      },
      "heldItem": [
        "sitrus_berry"
      ]
    },
    {
      "species": "venasaur",
      "gender": "FEMALE",
      "level": 43,
      "aspects": "",
      "nature": "docile",
      "ability": "overgrow",
      "moveset": [
        "synthesis",
        "seedbomb",
        "petalblizzard",
        "poisonpowder"
      ],
      "ivs": {
        "hp": 20,
        "atk": 20,
        "def": 20,
        "spa": 20,
        "spd": 20,
        "spe": 20
      },
      "evs": {
        "hp": 70,
        "atk": 70,
        "spa": 70,
        "def": 70,
        "spd": 70,
        "spe": 70
      },
      "heldItem": [
        "sitrus_berry"
      ]
    }
  ]
}