{
  "name": "Piers_7",
  "ai": {
    "type": "rct",
    "data": {
      "maxSelectMargin": 0.15
    }
  },
  "battleFormat": "Double",
  "battleRules": {
    "maxItemUses": 0
  },
  "team": [
    {
      "species": "hydreigon",
      "gender": "MALE",
      "level": 64,
      "aspects": "",
      "nature": "docile",
      "ability": "levitate",
      "moveset": [
        "nastyplot",
        "hypervoice",
        "dragonpulse",
        "triattack"
      ],
      "ivs": {
        "hp": 31,
        "atk": 31,
        "def": 31,
        "spa": 31,
        "spd": 31,
        "spe": 31
      },
      "evs": {
        "hp": 85,
        "atk": 85,
        "spa": 85,
        "def": 85,
        "spd": 85,
        "spe": 85
      },
      "heldItem": [
        "quick_claw"
      ]
    },
    {
      "species": "overqwil",
      "gender": "FEMALE",
      "level": 64,
      "aspects": "",
      "nature": "docile",
      "ability": "intimidate",
      "moveset": [
        "barbbarrage",
        "toxicspikes",
        "minimize",
        "brine"
      ],
      "ivs": {
        "hp": 31,
        "atk": 31,
        "def": 31,
        "spa": 31,
        "spd": 31,
        "spe": 31
      },
      "evs": {
        "hp": 85,
        "atk": 85,
        "spa": 85,
        "def": 85,
        "spd": 85,
        "spe": 85
      },
      "heldItem": [
        "black_sludge"
      ]
    },
    {
      "species": "honchkrow",
      "gender": "FEMALE",
      "level": 64,
      "aspects": "",
      "nature": "docile",
      "ability": "superluck",
      "moveset": [
        "suckerpunch",
        "nightslash",
        "bravebird",
        "perishsong"
      ],
      "ivs": {
        "hp": 31,
        "atk": 31,
        "def": 31,
        "spa": 31,
        "spd": 31,
        "spe": 31
      },
      "evs": {
        "hp": 85,
        "atk": 85,
        "spa": 85,
        "def": 85,
        "spd": 85,
        "spe": 85
      },
      "heldItem": [
        "scope_lens"
      ]
    },
    {
      "species": "incineroar",
      "gender": "MALE",
      "level": 64,
      "aspects": "",
      "nature": "docile",
      "ability": "intimidate",
      "moveset": [
        "darkestlariat",
        "flareblitz",
        "crosschop",
        "bulkup"
      ],
      "ivs": {
        "hp": 31,
        "atk": 31,
        "def": 31,
        "spa": 31,
        "spd": 31,
        "spe": 31
      },
      "evs": {
        "hp": 85,
        "atk": 85,
        "spa": 85,
        "def": 85,
        "spd": 85,
        "spe": 85
      },
      "heldItem": [
        "sitrus_berry"
      ]
    },
    {
      "species": "grimmsnarl",
      "gender": "MALE",
      "level": 64,
      "aspects": "",
      "nature": "docile",
      "ability": "pickpocket",
      "moveset": [
        "hammerarm",
        "foulplay",
        "spiritbreak",
        "bulkup"
      ],
      "ivs": {
        "hp": 31,
        "atk": 31,
        "def": 31,
        "spa": 31,
        "spd": 31,
        "spe": 31
      },
      "evs": {
        "hp": 85,
        "atk": 85,
        "spa": 85,
        "def": 85,
        "spd": 85,
        "spe": 85
      },
      "heldItem": [
        "red_card"
      ]
    },
    {
      "species": "obstagoon",
      "gender": "FEMALE",
      "level": 64,
      "aspects": "",
      "nature": "docile",
      "ability": "guts",
      "moveset": [
        "obstruct",
        "facade",
        "crosschop",
        "nightslash"
      ],
      "ivs": {
        "hp": 31,
        "atk": 31,
        "def": 31,
        "spa": 31,
        "spd": 31,
        "spe": 31
      },
      "evs": {
        "hp": 85,
        "atk": 85,
        "spa": 85,
        "def": 85,
        "spd": 85,
        "spe": 85
      },
      "heldItem": [
        "flame_orb"
      ]
    }
  ]
}