{
  "name": "Piers_0",
  "ai": {
    "type": "rct",
    "data": {
      "maxSelectMargin": 0.15
    }
  },
  "battleFormat": "Single",
  "battleRules": {
    "maxItemUses": 0
  },
  "team": [
    {
      "species": "nickit",
      "gender": "FEMALE",
      "level": 15,
      "aspects": "",
      "nature": "docile",
      "ability": "unburden",
      "moveset": [
        "quickattack",
        "honeclaws",
        "snarl",
        "beatup"
      ],
      "ivs": {
        "hp": 5,
        "atk": 5,
        "def": 5,
        "spa": 5,
        "spd": 5,
        "spe": 5
      },
      "evs": {
        "hp": 50,
        "atk": 50,
        "spa": 50,
        "def": 50,
        "spd": 50,
        "spe": 50
      },
      "heldItem": [
        "berry_juice"
      ]
    },
    {
      "species": "sandile",
      "gender": "MALE",
      "level": 15,
      "aspects": "",
      "nature": "docile",
      "ability": "moxie",
      "moveset": [
        "powertrip",
        "honeclaws",
        "sandtomb",
        "leer"
      ],
      "ivs": {
        "hp": 5,
        "atk": 5,
        "def": 5,
        "spa": 5,
        "spd": 5,
        "spe": 5
      },
      "evs": {
        "hp": 50,
        "atk": 50,
        "spa": 50,
        "def": 50,
        "spd": 50,
        "spe": 50
      },
      "heldItem": [
        "berry_juice"
      ]
    },
    {
      "species": "inkay",
      "gender": "FEMALE",
      "level": 15,
      "aspects": "",
      "nature": "docile",
      "ability": "contrary",
      "moveset": [
        "hypnosis",
        "psybeam",
        "pluck",
        "payback"
      ],
      "ivs": {
        "hp": 5,
        "atk": 5,
        "def": 5,
        "spa": 5,
        "spd": 5,
        "spe": 5
      },
      "evs": {
        "hp": 50,
        "atk": 50,
        "spa": 50,
        "def": 50,
        "spd": 50,
        "spe": 50
      },
      "heldItem": [
        "berry_juice"
      ]
    },
    {
      "species": "poochyena",
      "gender": "MALE",
      "level": 15,
      "aspects": "",
      "nature": "docile",
      "ability": "quickfeet",
      "moveset": [
        "howl",
        "sandattack",
        "bite",
        "tackle"
      ],
      "ivs": {
        "hp": 5,
        "atk": 5,
        "def": 5,
        "spa": 5,
        "spd": 5,
        "spe": 5
      },
      "evs": {
        "hp": 50,
        "atk": 50,
        "spa": 50,
        "def": 50,
        "spd": 50,
        "spe": 50
      },
      "heldItem": [
        "berry_juice"
      ]
    },
    {
      "species": "rattata [alolan]",
      "gender": "MALE",
      "level": 15,
      "aspects": "",
      "nature": "docile",
      "ability": "hustle",
      "moveset": [
        "pursuit",
        "quickattack",
        "tailwhip",
        "focusenergy"
      ],
      "ivs": {
        "hp": 5,
        "atk": 5,
        "def": 5,
        "spa": 5,
        "spd": 5,
        "spe": 5
      },
      "evs": {
        "hp": 50,
        "atk": 50,
        "spa": 50,
        "def": 50,
        "spd": 50,
        "spe": 50
      },
      "heldItem": [
        "berry_juice"
      ]
    },
    {
      "species": "grimer [alolan]",
      "gender": "FEMALE",
      "level": 15,
      "aspects": "",
      "nature": "docile",
      "ability": "poisontouch",
      "moveset": [
        "poisongas",
        "bite",
        "disable",
        "acidspray"
      ],
      "ivs": {
        "hp": 5,
        "atk": 5,
        "def": 5,
        "spa": 5,
        "spd": 5,
        "spe": 5
      },
      "evs": {
        "hp": 50,
        "atk": 50,
        "spa": 50,
        "def": 50,
        "spd": 50,
        "spe": 50
      },
      "heldItem": [
        "berry_juice"
      ]
    }
  ]
}