{
  "name": "Roxie_0",
  "ai": {
    "type": "rct",
    "data": {
      "maxSelectMargin": 0.15
    }
  },
  "battleFormat": "Single",
  "battleRules": {
    "maxItemUses": 0
  },
  "team": [
    {
      "species": "gastly",
      "gender": "FEMALE",
      "level": 15,
      "aspects": "",
      "nature": "docile",
      "ability": "levitate",
      "moveset": [
        "payback",
        "confuseray",
        "lick",
        "hypnosis"
      ],
      "ivs": {
        "hp": 5,
        "atk": 5,
        "def": 5,
        "spa": 5,
        "spd": 5,
        "spe": 5
      },
      "evs": {
        "hp": 50,
        "atk": 50,
        "spa": 50,
        "def": 50,
        "spd": 50,
        "spe": 50
      },
      "heldItem": [
        "berry_juice"
      ]
    },
    {
      "species": "spinarak",
      "gender": "MALE",
      "level": 15,
      "aspects": "",
      "nature": "docile",
      "ability": "sniper",
      "moveset": [
        "infestation",
        "absorb",
        "poisonsting",
        "nightshade"
      ],
      "ivs": {
        "hp": 5,
        "atk": 5,
        "def": 5,
        "spa": 5,
        "spd": 5,
        "spe": 5
      },
      "evs": {
        "hp": 50,
        "atk": 50,
        "spa": 50,
        "def": 50,
        "spd": 50,
        "spe": 50
      },
      "heldItem": [
        "berry_juice"
      ]
    },
    {
      "species": "oddish",
      "gender": "FEMALE",
      "level": 15,
      "aspects": "",
      "nature": "docile",
      "ability": "chlorophyll",
      "moveset": [
        "poisonpowder",
        "megadrain",
        "acid",
        "growth"
      ],
      "ivs": {
        "hp": 5,
        "atk": 5,
        "def": 5,
        "spa": 5,
        "spd": 5,
        "spe": 5
      },
      "evs": {
        "hp": 50,
        "atk": 50,
        "spa": 50,
        "def": 50,
        "spd": 50,
        "spe": 50
      },
      "heldItem": [
        "berry_juice"
      ]
    },
    {
      "species": "toxel",
      "gender": "MALE",
      "level": 15,
      "aspects": "",
      "nature": "docile",
      "ability": "static",
      "moveset": [
        "tearfullook",
        "nuzzle",
        "flail",
        "acid"
      ],
      "ivs": {
        "hp": 5,
        "atk": 5,
        "def": 5,
        "spa": 5,
        "spd": 5,
        "spe": 5
      },
      "evs": {
        "hp": 50,
        "atk": 50,
        "spa": 50,
        "def": 50,
        "spd": 50,
        "spe": 50
      },
      "heldItem": [
        "berry_juice"
      ]
    },
    {
      "species": "tentacool",
      "gender": "MALE",
      "level": 15,
      "aspects": "",
      "nature": "docile",
      "ability": "clearbody",
      "moveset": [
        "supersonic",
        "acid",
        "watergun",
        "wrap"
      ],
      "ivs": {
        "hp": 5,
        "atk": 5,
        "def": 5,
        "spa": 5,
        "spd": 5,
        "spe": 5
      },
      "evs": {
        "hp": 50,
        "atk": 50,
        "spa": 50,
        "def": 50,
        "spd": 50,
        "spe": 50
      },
      "heldItem": [
        "berry_juice"
      ]
    },
    {
      "species": "glimmet",
      "gender": "FEMALE",
      "level": 15,
      "aspects": "",
      "nature": "docile",
      "ability": "toxicdebris",
      "moveset": [
        "ancientpower",
        "acidspray",
        "smackdown",
        "rockpolish"
      ],
      "ivs": {
        "hp": 5,
        "atk": 5,
        "def": 5,
        "spa": 5,
        "spd": 5,
        "spe": 5
      },
      "evs": {
        "hp": 50,
        "atk": 50,
        "spa": 50,
        "def": 50,
        "spd": 50,
        "spe": 50
      },
      "heldItem": [
        "berry_juice"
      ]
    }
  ]
}