{
  "name": "Roxie_4",
  "ai": {
    "type": "rct",
    "data": {
      "maxSelectMargin": 0.15
    }
  },
  "battleFormat": "Single",
  "battleRules": {
    "maxItemUses": 0
  },
  "team": [
    {
      "species": "toxicroak",
      "gender": "MALE",
      "level": 43,
      "aspects": "",
      "nature": "docile",
      "ability": "poisontouch",
      "moveset": [
        "poisonjab",
        "swagger",
        "suckerpunch",
        "revenge"
      ],
      "ivs": {
        "hp": 20,
        "atk": 20,
        "def": 20,
        "spa": 20,
        "spd": 20,
        "spe": 20
      },
      "evs": {
        "hp": 70,
        "atk": 70,
        "spa": 70,
        "def": 70,
        "spd": 70,
        "spe": 70
      },
      "heldItem": [
        "sitrus_berry"
      ]
    },
    {
      "species": "tentacruel",
      "gender": "FEMALE",
      "level": 43,
      "aspects": "",
      "nature": "docile",
      "ability": "clearbody",
      "moveset": [
        "poisonjab",
        "bubblebeam",
        "reflecttype",
        "hex"
      ],
      "ivs": {
        "hp": 20,
        "atk": 20,
        "def": 20,
        "spa": 20,
        "spd": 20,
        "spe": 20
      },
      "evs": {
        "hp": 70,
        "atk": 70,
        "spa": 70,
        "def": 70,
        "spd": 70,
        "spe": 70
      },
      "heldItem": [
        "sitrus_berry"
      ]
    },
    {
      "species": "muk",
      "gender": "FEMALE",
      "level": 43,
      "aspects": "",
      "nature": "docile",
      "ability": "poisontouch",
      "moveset": [
        "gunkshot",
        "minimize",
        "mudshot",
        "disable"
      ],
      "ivs": {
        "hp": 20,
        "atk": 20,
        "def": 20,
        "spa": 20,
        "spd": 20,
        "spe": 20
      },
      "evs": {
        "hp": 70,
        "atk": 70,
        "spa": 70,
        "def": 70,
        "spd": 70,
        "spe": 70
      },
      "heldItem": [
        "sitrus_berry"
      ]
    },
    {
      "species": "weezing [galarian]",
      "gender": "MALE",
      "level": 43,
      "aspects": "",
      "nature": "docile",
      "ability": "mistysurge",
      "moveset": [
        "toxic",
        "strangesteam",
        "heatwave",
        "selfdestruct"
      ],
      "ivs": {
        "hp": 20,
        "atk": 20,
        "def": 20,
        "spa": 20,
        "spd": 20,
        "spe": 20
      },
      "evs": {
        "hp": 70,
        "atk": 70,
        "spa": 70,
        "def": 70,
        "spd": 70,
        "spe": 70
      },
      "heldItem": [
        "sitrus_berry"
      ]
    },
    {
      "species": "sneasler",
      "gender": "MALE",
      "level": 43,
      "aspects": "",
      "nature": "docile",
      "ability": "poisontouch",
      "moveset": [
        "direclaw",
        "rocksmash",
        "slash",
        "honeclaws"
      ],
      "ivs": {
        "hp": 20,
        "atk": 20,
        "def": 20,
        "spa": 20,
        "spd": 20,
        "spe": 20
      },
      "evs": {
        "hp": 70,
        "atk": 70,
        "spa": 70,
        "def": 70,
        "spd": 70,
        "spe": 70
      },
      "heldItem": [
        "sitrus_berry"
      ]
    },
    {
      "species": "venasaur",
      "gender": "FEMALE",
      "level": 43,
      "aspects": "",
      "nature": "docile",
      "ability": "overgrow",
      "moveset": [
        "synthesis",
        "leechseed",
        "petalblizzard",
        "poisonpowder"
      ],
      "ivs": {
        "hp": 20,
        "atk": 20,
        "def": 20,
        "spa": 20,
        "spd": 20,
        "spe": 20
      },
      "evs": {
        "hp": 70,
        "atk": 70,
        "spa": 70,
        "def": 70,
        "spd": 70,
        "spe": 70
      },
      "heldItem": [
        "sitrus_berry"
      ]
    }
  ]
}