{
  "name": "Roxie_2",
  "ai": {
    "type": "rct",
    "data": {
      "maxSelectMargin": 0.15
    }
  },
  "battleFormat": "Single",
  "battleRules": {
    "maxItemUses": 0
  },
  "team": [
    {
      "species": "haunter",
      "gender": "MALE",
      "level": 29,
      "aspects": "",
      "nature": "docile",
      "ability": "levitate",
      "moveset": [
        "curse",
        "meanlook",
        "shadowpunch",
        "hypnosis"
      ],
      "ivs": {
        "hp": 15,
        "atk": 15,
        "def": 15,
        "spa": 15,
        "spd": 15,
        "spe": 15
      },
      "evs": {
        "hp": 60,
        "atk": 60,
        "spa": 60,
        "def": 60,
        "spd": 60,
        "spe": 60
      },
      "heldItem": [
        "sitrus_berry"
      ]
    },
    {
      "species": "victreebel",
      "gender": "FEMALE",
      "level": 29,
      "aspects": "",
      "nature": "docile",
      "ability": "gluttony",
      "moveset": [
        "sleeppowder",
        "leafstorm",
        "poisonjab",
        "knockoff"
      ],
      "ivs": {
        "hp": 15,
        "atk": 15,
        "def": 15,
        "spa": 15,
        "spd": 15,
        "spe": 15
      },
      "evs": {
        "hp": 60,
        "atk": 60,
        "spa": 60,
        "def": 60,
        "spd": 60,
        "spe": 60
      },
      "heldItem": [
        "sitrus_berry"
      ]
    },
    {
      "species": "beedrill",
      "gender": "FEMALE",
      "level": 29,
      "aspects": "",
      "nature": "docile",
      "ability": "sniper",
      "moveset": [
        "toxicspikes",
        "bugbite",
        "stringshot",
        "venoshock"
      ],
      "ivs": {
        "hp": 15,
        "atk": 15,
        "def": 15,
        "spa": 15,
        "spd": 15,
        "spe": 15
      },
      "evs": {
        "hp": 60,
        "atk": 60,
        "spa": 60,
        "def": 60,
        "spd": 60,
        "spe": 60
      },
      "heldItem": [
        "sitrus_berry"
      ]
    },
    {
      "species": "roserade",
      "gender": "MALE",
      "level": 29,
      "aspects": "",
      "nature": "docile",
      "ability": "technician",
      "moveset": [
        "magicalleaf",
        "synthesis",
        "aromatherapy",
        "venomdrench"
      ],
      "ivs": {
        "hp": 15,
        "atk": 15,
        "def": 15,
        "spa": 15,
        "spd": 15,
        "spe": 15
      },
      "evs": {
        "hp": 60,
        "atk": 60,
        "spa": 60,
        "def": 60,
        "spd": 60,
        "spe": 60
      },
      "heldItem": [
        "sitrus_berry"
      ]
    },
    {
      "species": "sneasel [hisuian]",
      "gender": "MALE",
      "level": 29,
      "aspects": "",
      "nature": "docile",
      "ability": "keeneye",
      "moveset": [
        "icywind",
        "metalclaw",
        "quickattack",
        "leer"
      ],
      "ivs": {
        "hp": 15,
        "atk": 15,
        "def": 15,
        "spa": 15,
        "spd": 15,
        "spe": 15
      },
      "evs": {
        "hp": 60,
        "atk": 60,
        "spa": 60,
        "def": 60,
        "spd": 60,
        "spe": 60
      },
      "heldItem": [
        "sitrus_berry"
      ]
    },
    {
      "species": "salandit",
      "gender": "FEMALE",
      "level": 29,
      "aspects": "",
      "nature": "docile",
      "ability": "corrosion",
      "moveset": [
        "ember",
        "poisongas",
        "smog",
        "nastyplot"
      ],
      "ivs": {
        "hp": 15,
        "atk": 15,
        "def": 15,
        "spa": 15,
        "spd": 15,
        "spe": 15
      },
      "evs": {
        "hp": 60,
        "atk": 60,
        "spa": 60,
        "def": 60,
        "spd": 60,
        "spe": 60
      },
      "heldItem": [
        "sitrus_berry"
      ]
    }
  ]
}