{
  "name": "Sabrina_6",
  "ai": {
    "type": "rct",
    "data": {
      "maxSelectMargin": 0.15
    }
  },
  "battleFormat": "Double",
  "battleRules": {
    "maxItemUses": 0
  },
  "team": [
    {
      "species": "solrock",
      "gender": "GENDERLESS",
      "level": 57,
      "aspects": "",
      "nature": "docile",
      "ability": "levitate",
      "moveset": [
        "flareblitz",
        "explosion",
        "zenheadbutt",
        "stoneedge"
      ],
      "ivs": {
        "hp": 31,
        "atk": 31,
        "def": 31,
        "spa": 31,
        "spd": 31,
        "spe": 31
      },
      "evs": {
        "hp": 80,
        "atk": 80,
        "spa": 80,
        "def": 80,
        "spd": 80,
        "spe": 80
      },
      "heldItem": [
        "quick_claw"
      ]
    },
    {
      "species": "armarouge",
      "gender": "FEMALE",
      "level": 57,
      "aspects": "",
      "nature": "docile",
      "ability": "weakarmor",
      "moveset": [
        "psyshock",
        "mysticalfire",
        "willowisp",
        "firespin"
      ],
      "ivs": {
        "hp": 31,
        "atk": 31,
        "def": 31,
        "spa": 31,
        "spd": 31,
        "spe": 31
      },
      "evs": {
        "hp": 80,
        "atk": 80,
        "spa": 80,
        "def": 80,
        "spd": 80,
        "spe": 80
      },
      "heldItem": [
        "weakness_policy"
      ]
    },
    {
      "species": "musharna",
      "gender": "FEMALE",
      "level": 57,
      "aspects": "",
      "nature": "docile",
      "ability": "synchronize",
      "moveset": [
        "psychicterrain",
        "hypnosis",
        "calmmind",
        "moonblast"
      ],
      "ivs": {
        "hp": 31,
        "atk": 31,
        "def": 31,
        "spa": 31,
        "spd": 31,
        "spe": 31
      },
      "evs": {
        "hp": 80,
        "atk": 80,
        "spa": 80,
        "def": 80,
        "spd": 80,
        "spe": 80
      },
      "heldItem": [
        "psychic_seed"
      ]
    },
    {
      "species": "wyrdeer",
      "gender": "MALE",
      "level": 57,
      "aspects": "",
      "nature": "docile",
      "ability": "intimidate",
      "moveset": [
        "psyshieldbash",
        "hypnosis",
        "doubleedge",
        "confuseray"
      ],
      "ivs": {
        "hp": 31,
        "atk": 31,
        "def": 31,
        "spa": 31,
        "spd": 31,
        "spe": 31
      },
      "evs": {
        "hp": 80,
        "atk": 80,
        "spa": 80,
        "def": 80,
        "spd": 80,
        "spe": 80
      },
      "heldItem": [
        "leftovers"
      ]
    },
    {
      "species": "metagross",
      "gender": "GENDERLESS",
      "level": 57,
      "aspects": "",
      "nature": "docile",
      "ability": "clearbody",
      "moveset": [
        "meteormash",
        "psychic",
        "hammerarm",
        "bulletpunch"
      ],
      "ivs": {
        "hp": 31,
        "atk": 31,
        "def": 31,
        "spa": 31,
        "spd": 31,
        "spe": 31
      },
      "evs": {
        "hp": 80,
        "atk": 80,
        "spa": 80,
        "def": 80,
        "spd": 80,
        "spe": 80
      },
      "heldItem": [
        "air_balloon"
      ]
    },
    {
      "species": "malamar",
      "gender": "FEMALE",
      "level": 57,
      "aspects": "",
      "nature": "docile",
      "ability": "contrary",
      "moveset": [
        "superpower",
        "hypnosis",
        "swagger",
        "foulplay"
      ],
      "ivs": {
        "hp": 31,
        "atk": 31,
        "def": 31,
        "spa": 31,
        "spd": 31,
        "spe": 31
      },
      "evs": {
        "hp": 80,
        "atk": 80,
        "spa": 80,
        "def": 80,
        "spd": 80,
        "spe": 80
      },
      "heldItem": [
        "fighting_gem"
      ]
    }
  ]
}