{
  "name": "Sabrina_2",
  "ai": {
    "type": "rct",
    "data": {
      "maxSelectMargin": 0.15
    }
  },
  "battleFormat": "Double",
  "battleRules": {
    "maxItemUses": 0
  },
  "team": [
    {
      "species": "jynx",
      "gender": "FEMALE",
      "level": 29,
      "aspects": "",
      "nature": "docile",
      "ability": "oblivious",
      "moveset": [
        "icepunch",
        "faketears",
        "sweetkiss",
        "confusion"
      ],
      "ivs": {
        "hp": 15,
        "atk": 15,
        "def": 15,
        "spa": 15,
        "spd": 15,
        "spe": 15
      },
      "evs": {
        "hp": 60,
        "atk": 60,
        "spa": 60,
        "def": 60,
        "spd": 60,
        "spe": 60
      },
      "heldItem": [
        "sitrus_berry"
      ]
    },
    {
      "species": "xatu",
      "gender": "FEMALE",
      "level": 29,
      "aspects": "",
      "nature": "docile",
      "ability": "magicbounce",
      "moveset": [
        "leer",
        "tailwind",
        "confuseray",
        "airslash"
      ],
      "ivs": {
        "hp": 15,
        "atk": 15,
        "def": 15,
        "spa": 15,
        "spd": 15,
        "spe": 15
      },
      "evs": {
        "hp": 60,
        "atk": 60,
        "spa": 60,
        "def": 60,
        "spd": 60,
        "spe": 60
      },
      "heldItem": [
        "sitrus_berry"
      ]
    },
    {
      "species": "mr. mime",
      "gender": "MALE",
      "level": 29,
      "aspects": "",
      "nature": "docile",
      "ability": "technician",
      "moveset": [
        "icywind",
        "recycle",
        "reflect",
        "lightscreen"
      ],
      "ivs": {
        "hp": 15,
        "atk": 15,
        "def": 15,
        "spa": 15,
        "spd": 15,
        "spe": 15
      },
      "evs": {
        "hp": 60,
        "atk": 60,
        "spa": 60,
        "def": 60,
        "spd": 60,
        "spe": 60
      },
      "heldItem": [
        "sitrus_berry"
      ]
    },
    {
      "species": "rabsca",
      "gender": "MALE",
      "level": 29,
      "aspects": "",
      "nature": "docile",
      "ability": "synchronize",
      "moveset": [
        "revivalblessing",
        "extrasensory",
        "bugbite",
        "rollout"
      ],
      "ivs": {
        "hp": 15,
        "atk": 15,
        "def": 15,
        "spa": 15,
        "spd": 15,
        "spe": 15
      },
      "evs": {
        "hp": 60,
        "atk": 60,
        "spa": 60,
        "def": 60,
        "spd": 60,
        "spe": 60
      },
      "heldItem": [
        "sitrus_berry"
      ]
    },
    {
      "species": "lunatone",
      "gender": "GENDERLESS",
      "level": 29,
      "aspects": "",
      "nature": "docile",
      "ability": "levitate",
      "moveset": [
        "moonblast",
        "moonlight",
        "hypnosis",
        "psyshock"
      ],
      "ivs": {
        "hp": 15,
        "atk": 15,
        "def": 15,
        "spa": 15,
        "spd": 15,
        "spe": 15
      },
      "evs": {
        "hp": 60,
        "atk": 60,
        "spa": 60,
        "def": 60,
        "spd": 60,
        "spe": 60
      },
      "heldItem": [
        "sitrus_berry"
      ]
    },
    {
      "species": "meowstic",
      "gender": "FEMALE",
      "level": 29,
      "aspects": [
        "female"
      ],
      "nature": "docile",
      "ability": "competitive",
      "moveset": [
        "magicalleaf",
        "fakeout",
        "suckerpunch",
        "chargebeam"
      ],
      "ivs": {
        "hp": 15,
        "atk": 15,
        "def": 15,
        "spa": 15,
        "spd": 15,
        "spe": 15
      },
      "evs": {
        "hp": 60,
        "atk": 60,
        "spa": 60,
        "def": 60,
        "spd": 60,
        "spe": 60
      },
      "heldItem": [
        "sitrus_berry"
      ]
    }
  ]
}