{
  "name": "Sabrina_5",
  "ai": {
    "type": "rct",
    "data": {
      "maxSelectMargin": 0.15
    }
  },
  "battleFormat": "Double",
  "battleRules": {
    "maxItemUses": 0
  },
  "team": [
    {
      "species": "alakazam",
      "gender": "FEMALE",
      "level": 50,
      "aspects": "",
      "nature": "docile",
      "ability": "magicguard",
      "moveset": [
        "calmmind",
        "psychic",
        "recover",
        "reflect"
      ],
      "ivs": {
        "hp": 31,
        "atk": 31,
        "def": 31,
        "spa": 31,
        "spd": 31,
        "spe": 31
      },
      "evs": {
        "hp": 75,
        "atk": 75,
        "spa": 75,
        "def": 75,
        "spd": 75,
        "spe": 75
      },
      "heldItem": [
        "life_orb"
      ]
    },
    {
      "species": "slowking",
      "gender": "MALE",
      "level": 50,
      "aspects": "",
      "nature": "docile",
      "ability": "regenerator",
      "moveset": [
        "slackoff",
        "surf",
        "amnesia",
        "surf"
      ],
      "ivs": {
        "hp": 31,
        "atk": 31,
        "def": 31,
        "spa": 31,
        "spd": 31,
        "spe": 31
      },
      "evs": {
        "hp": 75,
        "atk": 75,
        "spa": 75,
        "def": 75,
        "spd": 75,
        "spe": 75
      },
      "heldItem": [
        "leftovers"
      ]
    },
    {
      "species": "medicham",
      "gender": "FEMALE",
      "level": 50,
      "aspects": "",
      "nature": "docile",
      "ability": "purepower",
      "moveset": [
        "recover",
        "firepunch",
        "icepunch",
        "thunderpunch"
      ],
      "ivs": {
        "hp": 31,
        "atk": 31,
        "def": 31,
        "spa": 31,
        "spd": 31,
        "spe": 31
      },
      "evs": {
        "hp": 75,
        "atk": 75,
        "spa": 75,
        "def": 75,
        "spd": 75,
        "spe": 75
      },
      "heldItem": [
        "expert_belt"
      ]
    },
    {
      "species": "farigiraf",
      "gender": "MALE",
      "level": 50,
      "aspects": "",
      "nature": "docile",
      "ability": "armortail",
      "moveset": [
        "psychic",
        "nastyplot",
        "batonpass",
        "crunch"
      ],
      "ivs": {
        "hp": 31,
        "atk": 31,
        "def": 31,
        "spa": 31,
        "spd": 31,
        "spe": 31
      },
      "evs": {
        "hp": 75,
        "atk": 75,
        "spa": 75,
        "def": 75,
        "spd": 75,
        "spe": 75
      },
      "heldItem": [
        "red_card"
      ]
    },
    {
      "species": "bronzong",
      "gender": "GENDERLESS",
      "level": 50,
      "aspects": "",
      "nature": "docile",
      "ability": "heavymetal",
      "moveset": [
        "heavyslam",
        "extrasensory",
        "gyroball",
        "weatherball"
      ],
      "ivs": {
        "hp": 31,
        "atk": 31,
        "def": 31,
        "spa": 31,
        "spd": 31,
        "spe": 31
      },
      "evs": {
        "hp": 75,
        "atk": 75,
        "spa": 75,
        "def": 75,
        "spd": 75,
        "spe": 75
      },
      "heldItem": [
        "iron_ball"
      ]
    },
    {
      "species": "claydol",
      "gender": "GENDERLESS",
      "level": 50,
      "aspects": "",
      "nature": "docile",
      "ability": "levitate",
      "moveset": [
        "hyperbeam",
        "rapidspin",
        "earthpower",
        "extrasensory"
      ],
      "ivs": {
        "hp": 31,
        "atk": 31,
        "def": 31,
        "spa": 31,
        "spd": 31,
        "spe": 31
      },
      "evs": {
        "hp": 75,
        "atk": 75,
        "spa": 75,
        "def": 75,
        "spd": 75,
        "spe": 75
      },
      "heldItem": [
        "bright_powder"
      ]
    }
  ]
}