{
  "name": "Valerie_4",
  "ai": {
    "type": "rct",
    "data": {
      "maxSelectMargin": 0.15
    }
  },
  "battleFormat": "Double",
  "battleRules": {
    "maxItemUses": 0
  },
  "team": [
    {
      "species": "dachsbun",
      "gender": "MALE",
      "level": 43,
      "aspects": "",
      "nature": "docile",
      "ability": "wellbakedbody",
      "moveset": [
        "workup",
        "playrough",
        "roar",
        "batonpass"
      ],
      "ivs": {
        "hp": 20,
        "atk": 20,
        "def": 20,
        "spa": 20,
        "spd": 20,
        "spe": 20
      },
      "evs": {
        "hp": 70,
        "atk": 70,
        "spa": 70,
        "def": 70,
        "spd": 70,
        "spe": 70
      },
      "heldItem": [
        "sitrus_berry"
      ]
    },
    {
      "species": "comfey",
      "gender": "FEMALE",
      "level": 43,
      "aspects": "",
      "nature": "docile",
      "ability": "triage",
      "moveset": [
        "magicalleaf",
        "floralhealing",
        "drainingkiss",
        "leechseed"
      ],
      "ivs": {
        "hp": 20,
        "atk": 20,
        "def": 20,
        "spa": 20,
        "spd": 20,
        "spe": 20
      },
      "evs": {
        "hp": 70,
        "atk": 70,
        "spa": 70,
        "def": 70,
        "spd": 70,
        "spe": 70
      },
      "heldItem": [
        "sitrus_berry"
      ]
    },
    {
      "species": "dedenne",
      "gender": "FEMALE",
      "level": 43,
      "aspects": "",
      "nature": "docile",
      "ability": "cheekpouch",
      "moveset": [
        "nuzzle",
        "voltswitch",
        "rest",
        "snore"
      ],
      "ivs": {
        "hp": 20,
        "atk": 20,
        "def": 20,
        "spa": 20,
        "spd": 20,
        "spe": 20
      },
      "evs": {
        "hp": 70,
        "atk": 70,
        "spa": 70,
        "def": 70,
        "spd": 70,
        "spe": 70
      },
      "heldItem": [
        "sitrus_berry"
      ]
    },
    {
      "species": "female",
      "gender": "MALE",
      "level": 43,
      "aspects": "",
      "nature": "docile",
      "ability": "sweetveil",
      "moveset": [
        "recover",
        "dazzlinggleam",
        "attract",
        "sweetkiss"
      ],
      "ivs": {
        "hp": 20,
        "atk": 20,
        "def": 20,
        "spa": 20,
        "spd": 20,
        "spe": 20
      },
      "evs": {
        "hp": 70,
        "atk": 70,
        "spa": 70,
        "def": 70,
        "spd": 70,
        "spe": 70
      },
      "heldItem": [
        "sitrus_berry"
      ]
    },
    {
      "species": "clefable",
      "gender": "MALE",
      "level": 43,
      "aspects": "",
      "nature": "docile",
      "ability": "cutecharm",
      "moveset": [
        "metronome",
        "meteormash",
        "moonblast",
        "lifedew"
      ],
      "ivs": {
        "hp": 20,
        "atk": 20,
        "def": 20,
        "spa": 20,
        "spd": 20,
        "spe": 20
      },
      "evs": {
        "hp": 70,
        "atk": 70,
        "spa": 70,
        "def": 70,
        "spd": 70,
        "spe": 70
      },
      "heldItem": [
        "sitrus_berry"
      ]
    },
    {
      "species": "jigglypuff",
      "gender": "FEMALE",
      "level": 43,
      "aspects": "",
      "nature": "docile",
      "ability": "friendguard",
      "moveset": [
        "hypervoice",
        "covet",
        "disable",
        "bodyslam"
      ],
      "ivs": {
        "hp": 20,
        "atk": 20,
        "def": 20,
        "spa": 20,
        "spd": 20,
        "spe": 20
      },
      "evs": {
        "hp": 70,
        "atk": 70,
        "spa": 70,
        "def": 70,
        "spd": 70,
        "spe": 70
      },
      "heldItem": [
        "sitrus_berry"
      ]
    }
  ]
}