{
  "name": "Valerie_7",
  "ai": {
    "type": "rct",
    "data": {
      "maxSelectMargin": 0.15
    }
  },
  "battleFormat": "Single",
  "battleRules": {
    "maxItemUses": 0
  },
  "team": [
    {
      "species": "primarina",
      "gender": "MALE",
      "level": 64,
      "aspects": "",
      "nature": "docile",
      "ability": "liquidvoice",
      "moveset": [
        "sparklingaria",
        "moonblast",
        "hypervoice",
        "icywind"
      ],
      "ivs": {
        "hp": 31,
        "atk": 31,
        "def": 31,
        "spa": 31,
        "spd": 31,
        "spe": 31
      },
      "evs": {
        "hp": 85,
        "atk": 85,
        "spa": 85,
        "def": 85,
        "spd": 85,
        "spe": 85
      },
      "heldItem": [
        "assault_vest"
      ]
    },
    {
      "species": "grimmsnarl",
      "gender": "MALE",
      "level": 64,
      "aspects": "",
      "nature": "docile",
      "ability": "prankster",
      "moveset": [
        "swagger",
        "foulplay",
        "fakeout",
        "spiritbreaker"
      ],
      "ivs": {
        "hp": 31,
        "atk": 31,
        "def": 31,
        "spa": 31,
        "spd": 31,
        "spe": 31
      },
      "evs": {
        "hp": 85,
        "atk": 85,
        "spa": 85,
        "def": 85,
        "spd": 85,
        "spe": 85
      },
      "heldItem": [
        "life_orb"
      ]
    },
    {
      "species": "mimikyu",
      "gender": "FEMALE",
      "level": 64,
      "aspects": "",
      "nature": "docile",
      "ability": "disguise",
      "moveset": [
        "shadowsneak",
        "honeclaws",
        "playrough",
        "doubleteam"
      ],
      "ivs": {
        "hp": 31,
        "atk": 31,
        "def": 31,
        "spa": 31,
        "spd": 31,
        "spe": 31
      },
      "evs": {
        "hp": 85,
        "atk": 85,
        "spa": 85,
        "def": 85,
        "spd": 85,
        "spe": 85
      },
      "heldItem": [
        "muscle_band"
      ]
    },
    {
      "species": "sylveon",
      "gender": "MALE",
      "level": 64,
      "aspects": "",
      "nature": "docile",
      "ability": "pixilate",
      "moveset": [
        "moonblast",
        "quickattack",
        "batonpass",
        "helpinghand"
      ],
      "ivs": {
        "hp": 31,
        "atk": 31,
        "def": 31,
        "spa": 31,
        "spd": 31,
        "spe": 31
      },
      "evs": {
        "hp": 85,
        "atk": 85,
        "spa": 85,
        "def": 85,
        "spd": 85,
        "spe": 85
      },
      "heldItem": [
        "left_overs"
      ]
    },
    {
      "species": "ninetales [alolan]",
      "gender": "MALE",
      "level": 64,
      "aspects": "",
      "nature": "docile",
      "ability": "snowwarning",
      "moveset": [
        "blizzard",
        "dazzlinggleam",
        "auroraveil",
        "nastyplot"
      ],
      "ivs": {
        "hp": 31,
        "atk": 31,
        "def": 31,
        "spa": 31,
        "spd": 31,
        "spe": 31
      },
      "evs": {
        "hp": 85,
        "atk": 85,
        "spa": 85,
        "def": 85,
        "spd": 85,
        "spe": 85
      },
      "heldItem": [
        "light_clay"
      ]
    },
    {
      "species": "rapidash [galarian]",
      "gender": "FEMALE",
      "level": 64,
      "aspects": "",
      "nature": "docile",
      "ability": "pastelveil",
      "moveset": [
        "psychocut",
        "takedown",
        "megahorn",
        "dazzlinggleam"
      ],
      "ivs": {
        "hp": 31,
        "atk": 31,
        "def": 31,
        "spa": 31,
        "spd": 31,
        "spe": 31
      },
      "evs": {
        "hp": 85,
        "atk": 85,
        "spa": 85,
        "def": 85,
        "spd": 85,
        "spe": 85
      },
      "heldItem": [
        "choice_band"
      ]
    }
  ]
}