{
  "name": "Wake_0",
  "ai": {
    "type": "rct",
    "data": {
      "maxSelectMargin": 0.15
    }
  },
  "battleFormat": "Double",
  "battleRules": {
    "maxItemUses": 0
  },
  "team": [
    {
      "species": "psyduck",
      "gender": "FEMALE",
      "level": 15,
      "aspects": "",
      "nature": "docile",
      "ability": "swiftswim",
      "moveset": [
        "confusion",
        "disable",
        "watergun",
        "tailwhip"
      ],
      "ivs": {
        "hp": 5,
        "atk": 5,
        "def": 5,
        "spa": 5,
        "spd": 5,
        "spe": 5
      },
      "evs": {
        "hp": 50,
        "atk": 50,
        "spa": 50,
        "def": 50,
        "spd": 50,
        "spe": 50
      },
      "heldItem": [
        "berry_juice"
      ]
    },
    {
      "species": "kabuto",
      "gender": "MALE",
      "level": 15,
      "aspects": "",
      "nature": "docile",
      "ability": "weakarmor",
      "moveset": [
        "aquajet",
        "absorb",
        "sandattack",
        "scratch"
      ],
      "ivs": {
        "hp": 5,
        "atk": 5,
        "def": 5,
        "spa": 5,
        "spd": 5,
        "spe": 5
      },
      "evs": {
        "hp": 50,
        "atk": 50,
        "spa": 50,
        "def": 50,
        "spd": 50,
        "spe": 50
      },
      "heldItem": [
        "berry_juice"
      ]
    },
    {
      "species": "surskit",
      "gender": "FEMALE",
      "level": 15,
      "aspects": "",
      "nature": "docile",
      "ability": "raindish",
      "moveset": [
        "watergun",
        "quickattack",
        "sweetscent",
        "soak"
      ],
      "ivs": {
        "hp": 5,
        "atk": 5,
        "def": 5,
        "spa": 5,
        "spd": 5,
        "spe": 5
      },
      "evs": {
        "hp": 50,
        "atk": 50,
        "spa": 50,
        "def": 50,
        "spd": 50,
        "spe": 50
      },
      "heldItem": [
        "berry_juice"
      ]
    },
    {
      "species": "wimpod",
      "gender": "MALE",
      "level": 15,
      "aspects": "",
      "nature": "docile",
      "ability": "wimpout",
      "moveset": [
        "strugglebug",
        "sandattack",
        "defensecurl",
        "aquajet"
      ],
      "ivs": {
        "hp": 5,
        "atk": 5,
        "def": 5,
        "spa": 5,
        "spd": 5,
        "spe": 5
      },
      "evs": {
        "hp": 50,
        "atk": 50,
        "spa": 50,
        "def": 50,
        "spd": 50,
        "spe": 50
      },
      "heldItem": [
        "berry_juice"
      ]
    },
    {
      "species": "squirtle",
      "gender": "MALE",
      "level": 15,
      "aspects": "",
      "nature": "docile",
      "ability": "torrent",
      "moveset": [
        "waterpulse",
        "bite",
        "rapidspin",
        "tailwhip"
      ],
      "ivs": {
        "hp": 5,
        "atk": 5,
        "def": 5,
        "spa": 5,
        "spd": 5,
        "spe": 5
      },
      "evs": {
        "hp": 50,
        "atk": 50,
        "spa": 50,
        "def": 50,
        "spd": 50,
        "spe": 50
      },
      "heldItem": [
        "berry_juice"
      ]
    },
    {
      "species": "poliwag",
      "gender": "FEMALE",
      "level": 15,
      "aspects": "",
      "nature": "docile",
      "ability": "waterabsorb",
      "moveset": [
        "watergun",
        "hypnosis",
        "mudshot",
        "pound"
      ],
      "ivs": {
        "hp": 5,
        "atk": 5,
        "def": 5,
        "spa": 5,
        "spd": 5,
        "spe": 5
      },
      "evs": {
        "hp": 50,
        "atk": 50,
        "spa": 50,
        "def": 50,
        "spd": 50,
        "spe": 50
      },
      "heldItem": [
        "berry_juice"
      ]
    }
  ]
}