{
  "name": "Wake_2",
  "ai": {
    "type": "rct",
    "data": {
      "maxSelectMargin": 0.15
    }
  },
  "battleFormat": "Double",
  "battleRules": {
    "maxItemUses": 0
  },
  "team": [
    {
      "species": "relicanth",
      "gender": "MALE",
      "level": 29,
      "aspects": "",
      "nature": "docile",
      "ability": "rockhead",
      "moveset": [
        "takedown",
        "ancientpower",
        "dive",
        "yawn"
      ],
      "ivs": {
        "hp": 15,
        "atk": 15,
        "def": 15,
        "spa": 15,
        "spd": 15,
        "spe": 15
      },
      "evs": {
        "hp": 60,
        "atk": 60,
        "spa": 60,
        "def": 60,
        "spd": 60,
        "spe": 60
      },
      "heldItem": [
        "sitrus_berry"
      ]
    },
    {
      "species": "lanturn",
      "gender": "FEMALE",
      "level": 29,
      "aspects": "",
      "nature": "docile",
      "ability": "voltabsorb",
      "moveset": [
        "thunderwave",
        "electroball",
        "bubblebeam",
        "confuseray"
      ],
      "ivs": {
        "hp": 15,
        "atk": 15,
        "def": 15,
        "spa": 15,
        "spd": 15,
        "spe": 15
      },
      "evs": {
        "hp": 60,
        "atk": 60,
        "spa": 60,
        "def": 60,
        "spd": 60,
        "spe": 60
      },
      "heldItem": [
        "sitrus_berry"
      ]
    },
    {
      "species": "floatzel",
      "gender": "FEMALE",
      "level": 29,
      "aspects": "",
      "nature": "docile",
      "ability": "swiftswim",
      "moveset": [
        "aquajet",
        "bite",
        "growl",
        "icefang"
      ],
      "ivs": {
        "hp": 15,
        "atk": 15,
        "def": 15,
        "spa": 15,
        "spd": 15,
        "spe": 15
      },
      "evs": {
        "hp": 60,
        "atk": 60,
        "spa": 60,
        "def": 60,
        "spd": 60,
        "spe": 60
      },
      "heldItem": [
        "sitrus_berry"
      ]
    },
    {
      "species": "quagsire",
      "gender": "MALE",
      "level": 29,
      "aspects": "",
      "nature": "docile",
      "ability": "unaware",
      "moveset": [
        "aquatail",
        "yawn",
        "raindance",
        "mudshot"
      ],
      "ivs": {
        "hp": 15,
        "atk": 15,
        "def": 15,
        "spa": 15,
        "spd": 15,
        "spe": 15
      },
      "evs": {
        "hp": 60,
        "atk": 60,
        "spa": 60,
        "def": 60,
        "spd": 60,
        "spe": 60
      },
      "heldItem": [
        "sitrus_berry"
      ]
    },
    {
      "species": "wugtrio",
      "gender": "MALE",
      "level": 29,
      "aspects": "",
      "nature": "docile",
      "ability": "gooey",
      "moveset": [
        "headbutt",
        "waterpulse",
        "aquajet",
        "mudslap"
      ],
      "ivs": {
        "hp": 15,
        "atk": 15,
        "def": 15,
        "spa": 15,
        "spd": 15,
        "spe": 15
      },
      "evs": {
        "hp": 60,
        "atk": 60,
        "spa": 60,
        "def": 60,
        "spd": 60,
        "spe": 60
      },
      "heldItem": [
        "sitrus_berry"
      ]
    },
    {
      "species": "binacle",
      "gender": "FEMALE",
      "level": 29,
      "aspects": "",
      "nature": "docile",
      "ability": "toughclaws",
      "moveset": [
        "slash",
        "ancientpower",
        "rockpolish",
        "furycutter"
      ],
      "ivs": {
        "hp": 15,
        "atk": 15,
        "def": 15,
        "spa": 15,
        "spd": 15,
        "spe": 15
      },
      "evs": {
        "hp": 60,
        "atk": 60,
        "spa": 60,
        "def": 60,
        "spd": 60,
        "spe": 60
      },
      "heldItem": [
        "sitrus_berry"
      ]
    }
  ]
}