{
  "name": "Wake_7",
  "ai": {
    "type": "rct",
    "data": {
      "maxSelectMargin": 0.15
    }
  },
  "battleFormat": "Single",
  "battleRules": {
    "maxItemUses": 0
  },
  "team": [
    {
      "species": "araquinid",
      "gender": "MALE",
      "level": 64,
      "aspects": "",
      "nature": "docile",
      "ability": "waterbubble",
      "moveset": [
        "leechlife",
        "liquidation",
        "aquaring",
        "mirrorcoat"
      ],
      "ivs": {
        "hp": 31,
        "atk": 31,
        "def": 31,
        "spa": 31,
        "spd": 31,
        "spe": 31
      },
      "evs": {
        "hp": 85,
        "atk": 85,
        "spa": 85,
        "def": 85,
        "spd": 85,
        "spe": 85
      },
      "heldItem": [
        "leftovers"
      ]
    },
    {
      "species": "toxapex",
      "gender": "FEMALE",
      "level": 64,
      "aspects": "",
      "nature": "docile",
      "ability": "regenerator",
      "moveset": [
        "banefulbunker",
        "recover",
        "toxicspikes",
        "liquidation"
      ],
      "ivs": {
        "hp": 31,
        "atk": 31,
        "def": 31,
        "spa": 31,
        "spd": 31,
        "spe": 31
      },
      "evs": {
        "hp": 85,
        "atk": 85,
        "spa": 85,
        "def": 85,
        "spd": 85,
        "spe": 85
      },
      "heldItem": [
        "black_sludge"
      ]
    },
    {
      "species": "basculegion",
      "gender": "FEMALE",
      "level": 64,
      "aspects": [
        "male"
      ],
      "nature": "docile",
      "ability": "adaptability",
      "moveset": [
        "phantomforce",
        "aquajet",
        "headsmash",
        "wavecrash"
      ],
      "ivs": {
        "hp": 31,
        "atk": 31,
        "def": 31,
        "spa": 31,
        "spd": 31,
        "spe": 31
      },
      "evs": {
        "hp": 85,
        "atk": 85,
        "spa": 85,
        "def": 85,
        "spd": 85,
        "spe": 85
      },
      "heldItem": [
        "shell_bell"
      ]
    },
    {
      "species": "swampert",
      "gender": "MALE",
      "level": 64,
      "aspects": "",
      "nature": "docile",
      "ability": "torrent",
      "moveset": [
        "endeavor",
        "muddywater",
        "rockslide",
        "protect"
      ],
      "ivs": {
        "hp": 31,
        "atk": 31,
        "def": 31,
        "spa": 31,
        "spd": 31,
        "spe": 31
      },
      "evs": {
        "hp": 85,
        "atk": 85,
        "spa": 85,
        "def": 85,
        "spd": 85,
        "spe": 85
      },
      "heldItem": [
        "focus_sash"
      ]
    },
    {
      "species": "dracovish",
      "gender": "GENDERLESS",
      "level": 64,
      "aspects": "",
      "nature": "docile",
      "ability": "strongjaw",
      "moveset": [
        "fishiousrend",
        "crunch",
        "protect",
        "ancientpower"
      ],
      "ivs": {
        "hp": 31,
        "atk": 31,
        "def": 31,
        "spa": 31,
        "spd": 31,
        "spe": 31
      },
      "evs": {
        "hp": 85,
        "atk": 85,
        "spa": 85,
        "def": 85,
        "spd": 85,
        "spe": 85
      },
      "heldItem": [
        "quick_claw"
      ]
    },
    {
      "species": "milotic",
      "gender": "FEMALE",
      "level": 64,
      "aspects": "",
      "nature": "docile",
      "ability": "marvelscale",
      "moveset": [
        "coil",
        "lifedew",
        "waterpulse",
        "dragontail"
      ],
      "ivs": {
        "hp": 31,
        "atk": 31,
        "def": 31,
        "spa": 31,
        "spd": 31,
        "spe": 31
      },
      "evs": {
        "hp": 85,
        "atk": 85,
        "spa": 85,
        "def": 85,
        "spd": 85,
        "spe": 85
      },
      "heldItem": [
        "flame_orb"
      ]
    }
  ]
}