{
  "name": "Winona_5",
  "ai": {
    "type": "rct",
    "data": {
      "maxSelectMargin": 0.15
    }
  },
  "battleFormat": "Double",
  "battleRules": {
    "maxItemUses": 0
  },
  "team": [
    {
      "species": "unfezant",
      "gender": "FEMALE",
      "level": 50,
      "aspects": "",
      "nature": "docile",
      "ability": "superluck",
      "moveset": [
        "roost",
        "detect",
        "airslash",
        "quickattack"
      ],
      "ivs": {
        "hp": 31,
        "atk": 31,
        "def": 31,
        "spa": 31,
        "spd": 31,
        "spe": 31
      },
      "evs": {
        "hp": 75,
        "atk": 75,
        "spa": 75,
        "def": 75,
        "spd": 75,
        "spe": 75
      },
      "heldItem": [
        "scope_lens"
      ]
    },
    {
      "species": "yanmega",
      "gender": "MALE",
      "level": 50,
      "aspects": "",
      "nature": "docile",
      "ability": "speedboost",
      "moveset": [
        "uturn",
        "detect",
        "ancientpower",
        "airslash"
      ],
      "ivs": {
        "hp": 31,
        "atk": 31,
        "def": 31,
        "spa": 31,
        "spd": 31,
        "spe": 31
      },
      "evs": {
        "hp": 75,
        "atk": 75,
        "spa": 75,
        "def": 75,
        "spd": 75,
        "spe": 75
      },
      "heldItem": [
        "red_card"
      ]
    },
    {
      "species": "drifblim",
      "gender": "FEMALE",
      "level": 50,
      "aspects": "",
      "nature": "docile",
      "ability": "flareboost",
      "moveset": [
        "shadowball",
        "strengthsap",
        "gust",
        "batonpass"
      ],
      "ivs": {
        "hp": 31,
        "atk": 31,
        "def": 31,
        "spa": 31,
        "spd": 31,
        "spe": 31
      },
      "evs": {
        "hp": 75,
        "atk": 75,
        "spa": 75,
        "def": 75,
        "spd": 75,
        "spe": 75
      },
      "heldItem": [
        "flame_orb"
      ]
    },
    {
      "species": "crobat",
      "gender": "MALE",
      "level": 50,
      "aspects": "",
      "nature": "docile",
      "ability": "innerfocus",
      "moveset": [
        "tailwind",
        "crosspoison",
        "aircutter",
        "bite"
      ],
      "ivs": {
        "hp": 31,
        "atk": 31,
        "def": 31,
        "spa": 31,
        "spd": 31,
        "spe": 31
      },
      "evs": {
        "hp": 75,
        "atk": 75,
        "spa": 75,
        "def": 75,
        "spd": 75,
        "spe": 75
      },
      "heldItem": [
        "eject_button"
      ]
    },
    {
      "species": "jumpluff",
      "gender": "MALE",
      "level": 50,
      "aspects": "",
      "nature": "docile",
      "ability": "infiltrator",
      "moveset": [
        "gigadrain",
        "uturn",
        "acrobatics",
        "synthesis"
      ],
      "ivs": {
        "hp": 31,
        "atk": 31,
        "def": 31,
        "spa": 31,
        "spd": 31,
        "spe": 31
      },
      "evs": {
        "hp": 75,
        "atk": 75,
        "spa": 75,
        "def": 75,
        "spd": 75,
        "spe": 75
      },
      "heldItem": [
        "flying_gem"
      ]
    },
    {
      "species": "kilowattrel",
      "gender": "FEMALE",
      "level": 50,
      "aspects": "",
      "nature": "docile",
      "ability": "voltabsorb",
      "moveset": [
        "voltswitch",
        "dualwingbeat",
        "roost",
        "electroball"
      ],
      "ivs": {
        "hp": 31,
        "atk": 31,
        "def": 31,
        "spa": 31,
        "spd": 31,
        "spe": 31
      },
      "evs": {
        "hp": 75,
        "atk": 75,
        "spa": 75,
        "def": 75,
        "spd": 75,
        "spe": 75
      },
      "heldItem": [
        "electric_plate"
      ]
    }
  ]
}