{
  "name": "Winona_3",
  "ai": {
    "type": "rct",
    "data": {
      "maxSelectMargin": 0.15
    }
  },
  "battleFormat": "Single",
  "battleRules": {
    "maxItemUses": 0
  },
  "team": [
    {
      "species": "altaria",
      "gender": "MALE",
      "level": 36,
      "aspects": "",
      "nature": "docile",
      "ability": "naturalcure",
      "moveset": [
        "dragonpulse",
        "disarmingvoice",
        "cottonguard",
        "sing"
      ],
      "ivs": {
        "hp": 15,
        "atk": 15,
        "def": 15,
        "spa": 15,
        "spd": 15,
        "spe": 15
      },
      "evs": {
        "hp": 65,
        "atk": 65,
        "spa": 65,
        "def": 65,
        "spd": 65,
        "spe": 65
      },
      "heldItem": [
        "sitrus_berry"
      ]
    },
    {
      "species": "sigilyph",
      "gender": "FEMALE",
      "level": 36,
      "aspects": "",
      "nature": "docile",
      "ability": "wonderskin",
      "moveset": [
        "airslash",
        "cosmicpower",
        "whirlwind",
        "confusion"
      ],
      "ivs": {
        "hp": 15,
        "atk": 15,
        "def": 15,
        "spa": 15,
        "spd": 15,
        "spe": 15
      },
      "evs": {
        "hp": 65,
        "atk": 65,
        "spa": 65,
        "def": 65,
        "spd": 65,
        "spe": 65
      },
      "heldItem": [
        "sitrus_berry"
      ]
    },
    {
      "species": "scyther",
      "gender": "FEMALE",
      "level": 36,
      "aspects": "",
      "nature": "docile",
      "ability": "technician",
      "moveset": [
        "doubleteam",
        "doublehit",
        "quickattack",
        "wingattack"
      ],
      "ivs": {
        "hp": 15,
        "atk": 15,
        "def": 15,
        "spa": 15,
        "spd": 15,
        "spe": 15
      },
      "evs": {
        "hp": 65,
        "atk": 65,
        "spa": 65,
        "def": 65,
        "spd": 65,
        "spe": 65
      },
      "heldItem": [
        "sitrus_berry"
      ]
    },
    {
      "species": "delibird",
      "gender": "MALE",
      "level": 36,
      "aspects": "",
      "nature": "docile",
      "ability": "hustle",
      "moveset": [
        "iceshard",
        "drillpeck",
        "destinybond",
        "fakeout"
      ],
      "ivs": {
        "hp": 15,
        "atk": 15,
        "def": 15,
        "spa": 15,
        "spd": 15,
        "spe": 15
      },
      "evs": {
        "hp": 65,
        "atk": 65,
        "spa": 65,
        "def": 65,
        "spd": 65,
        "spe": 65
      },
      "heldItem": [
        "sitrus_berry"
      ]
    },
    {
      "species": "tropius",
      "gender": "MALE",
      "level": 36,
      "aspects": "",
      "nature": "docile",
      "ability": "harvest",
      "moveset": [
        "airslash",
        "whirlwind",
        "magicalleaf",
        "growth"
      ],
      "ivs": {
        "hp": 15,
        "atk": 15,
        "def": 15,
        "spa": 15,
        "spd": 15,
        "spe": 15
      },
      "evs": {
        "hp": 65,
        "atk": 65,
        "spa": 65,
        "def": 65,
        "spd": 65,
        "spe": 65
      },
      "heldItem": [
        "sitrus_berry"
      ]
    },
    {
      "species": "gyrados",
      "gender": "FEMALE",
      "level": 36,
      "aspects": "",
      "nature": "docile",
      "ability": "moxie",
      "moveset": [
        "dragondance",
        "aquatail",
        "crunch",
        "icefang"
      ],
      "ivs": {
        "hp": 15,
        "atk": 15,
        "def": 15,
        "spa": 15,
        "spd": 15,
        "spe": 15
      },
      "evs": {
        "hp": 65,
        "atk": 65,
        "spa": 65,
        "def": 65,
        "spd": 65,
        "spe": 65
      },
      "heldItem": [
        "sitrus_berry"
      ]
    }
  ]
}